gid,role,role_score,cluster_id,priority_score,evidence
100000000343175100,distributor,0.875161,10,0.509717,"Признаки распределения: 31 получателей, OUT 4.00m KZT, охват 8 seed; fan-out высокий."
100000000456947100,peripheral,0.877891,73,0.005218,Периферия: 0 входящих и 0 исходящих связей; структурная значимость ниже порогов других ролей.
100000000580561100,distributor,0.551789,44,0.244835,"Признаки распределения: 3 получателей, OUT 1.49m KZT, охват 1 seed; fan-out высокий."
100000001415126100,peripheral,0.247331,21,0.202819,Периферия: 1 входящих и 0 исходящих связей; структурная значимость ниже порогов других ролей.
100000001429930100,peripheral,0.247331,14,0.197615,Периферия: 1 входящих и 0 исходящих связей; структурная значимость ниже порогов других ролей.
100000001616816100,consolidator,0.755851,7,0.472579,"Признаки консолидации: 5 плательщиков, IN 176k KZT, охват 11 seed; набл. OUT/IN 1.03."
100000001732159100,consolidator,0.777593,11,0.409796,"Признаки консолидации: 2 плательщиков, IN 2.38m KZT, охват 10 seed; набл. OUT/IN 0.63."
100000002527114100,distributor,0.777381,2,0.358036,"Признаки распределения: 111 получателей, OUT 3.29m KZT, охват 1 seed; fan-out высокий."
100000002916006100,peripheral,0.792507,21,0.099286,Периферия: 0 входящих и 1 исходящих связей; структурная значимость ниже порогов других ролей.
100000003016635100,coordinator,0.900477,6,0.4825,"Кандидат в координаторы: 8→73 связей, охват 7 seed, betweenness 0.0072; межкластерных связей 16."
100000003200071100,peripheral,0.792507,69,0.097983,Периферия: 0 входящих и 1 исходящих связей; структурная значимость ниже порогов других ролей.
100000003265658100,peripheral,0.877891,74,0.005218,Периферия: 0 входящих и 0 исходящих связей; структурная значимость ниже порогов других ролей.
100000003349739100,peripheral,0.877891,75,0.005218,Периферия: 0 входящих и 0 исходящих связей; структурная значимость ниже порогов других ролей.
100000003684369100,coordinator,0.979698,3,0.539185,"Кандидат в координаторы: 24→62 связей, охват 10 seed, betweenness 0.0023; межкластерных связей 27."
100000003770083100,peripheral,0.877891,76,0.005218,Периферия: 0 входящих и 0 исходящих связей; структурная значимость ниже порогов других ролей.
100000003975102100,peripheral,0.147331,6,0.298261,Периферия: 1 входящих и 2 исходящих связей; структурная значимость ниже порогов других ролей.
100000003977183100,distributor,0.597609,7,0.251741,"Признаки распределения: 4 получателей, OUT 766k KZT, охват 2 seed; fan-out высокий."
100000004007116100,consolidator,0.692046,25,0.240951,"Признаки консолидации: 3 плательщиков, IN 765k KZT, охват 1 seed; набл. OUT/IN 0.19."
100000004019124100,consolidator,0.933678,6,0.337312,"Признаки консолидации: 3 плательщиков, IN 193k KZT, охват 12 seed; набл. OUT/IN 0.00."
100000004021459100,peripheral,0.877891,77,0.005218,Периферия: 0 входящих и 0 исходящих связей; структурная значимость ниже порогов других ролей.
100000004041163100,peripheral,0.000601,21,0.379222,Периферия: 1 входящих и 2 исходящих связей; структурная значимость ниже порогов других ролей.
100000004174835100,peripheral,0.877891,78,0.005218,Периферия: 0 входящих и 0 исходящих связей; структурная значимость ниже порогов других ролей.
100000004193835100,peripheral,0.147331,6,0.283979,Периферия: 1 входящих и 1 исходящих связей; структурная значимость ниже порогов других ролей.
100000004269433100,peripheral,0.792507,16,0.140473,Периферия: 0 входящих и 1 исходящих связей; структурная значимость ниже порогов других ролей.
100000004358004100,distributor,0.695162,3,0.232876,"Признаки распределения: 11 получателей, OUT 981k KZT, охват 1 seed; fan-out высокий."
100000004388983100,peripheral,0.396182,66,0.154391,Периферия: 0 входящих и 2 исходящих связей; структурная значимость ниже порогов других ролей.
100000004714705100,peripheral,0.792507,21,0.100885,Периферия: 0 входящих и 1 исходящих связей; структурная значимость ниже порогов других ролей.
100000004723755100,peripheral,0.792507,3,0.115172,Периферия: 0 входящих и 1 исходящих связей; структурная значимость ниже порогов других ролей.
100000004813068100,distributor,0.566055,24,0.166916,"Признаки распределения: 3 получателей, OUT 297k KZT, охват 1 seed; fan-out высокий."
100000004971871100,peripheral,0.071664,60,0.152043,Периферия: 1 входящих и 1 исходящих связей; структурная значимость ниже порогов других ролей.
100000005017150100,peripheral,0.877891,79,0.005218,Периферия: 0 входящих и 0 исходящих связей; структурная значимость ниже порогов других ролей.
100000005087431100,peripheral,0.877891,80,0.005218,Периферия: 0 входящих и 0 исходящих связей; структурная значимость ниже порогов других ролей.
100000005235389100,peripheral,0.877891,81,0.005218,Периферия: 0 входящих и 0 исходящих связей; структурная значимость ниже порогов других ролей.
100000005264990100,peripheral,0.147331,21,0.355336,Периферия: 1 входящих и 2 исходящих связей; структурная значимость ниже порогов других ролей.
100000005370580100,peripheral,0.247331,14,0.195872,Периферия: 1 входящих и 0 исходящих связей; структурная значимость ниже порогов других ролей.
100000005382566100,consolidator,0.938682,21,0.466091,"Признаки консолидации: 7 плательщиков, IN 393k KZT, охват 15 seed; набл. OUT/IN 0.13."
100000005386383100,consolidator,0.688037,21,0.375735,"Признаки консолидации: 2 плательщиков, IN 38k KZT, охват 8 seed; набл. OUT/IN 0.77."
100000005392290100,peripheral,0.792507,70,0.112418,Периферия: 0 входящих и 1 исходящих связей; структурная значимость ниже порогов других ролей.
100000005395727100,peripheral,0.247331,16,0.192506,Периферия: 1 входящих и 0 исходящих связей; структурная значимость ниже порогов других ролей.
100000005409680100,consolidator,0.848931,19,0.310187,"Признаки консолидации: 2 плательщиков, IN 55k KZT, охват 10 seed; набл. OUT/IN 0.00."
100000005417257100,peripheral,0.396182,21,0.137647,Периферия: 0 входящих и 2 исходящих связей; структурная значимость ниже порогов других ролей.
100000005454368100,consolidator,0.815152,14,0.279875,"Признаки консолидации: 2 плательщиков, IN 49k KZT, охват 8 seed; набл. OUT/IN 0.00."
100000005480435100,peripheral,0.877891,82,0.005218,Периферия: 0 входящих и 0 исходящих связей; структурная значимость ниже порогов других ролей.
100000005485830100,distributor,0.616761,46,0.176509,"Признаки распределения: 5 получателей, OUT 276k KZT, охват 1 seed; fan-out высокий."
100000005493505100,consolidator,0.892554,3,0.328713,"Признаки консолидации: 3 плательщиков, IN 62k KZT, охват 12 seed; набл. OUT/IN 0.00."
100000005495722100,peripheral,0.877891,83,0.005218,Периферия: 0 входящих и 0 исходящих связей; структурная значимость ниже порогов других ролей.
100000005498992100,distributor,0.723851,8,0.235383,"Признаки распределения: 16 получателей, OUT 2.26m KZT, охват 1 seed; fan-out высокий."
100000005519347100,consolidator,0.715015,6,0.332907,"Признаки консолидации: 2 плательщиков, IN 73k KZT, охват 10 seed; набл. OUT/IN 1.35."
100000005523088100,peripheral,0.1,21,0.272556,Периферия: 1 входящих и 0 исходящих связей; структурная значимость ниже порогов других ролей.
100000005543136100,peripheral,0.792507,3,0.082705,Периферия: 0 входящих и 1 исходящих связей; структурная значимость ниже порогов других ролей.
100000005550592100,peripheral,0.877891,84,0.005218,Периферия: 0 входящих и 0 исходящих связей; структурная значимость ниже порогов других ролей.
100000005560900100,peripheral,0.877891,85,0.005218,Периферия: 0 входящих и 0 исходящих связей; структурная значимость ниже порогов других ролей.
100000005568407100,peripheral,0.877891,86,0.005218,Периферия: 0 входящих и 0 исходящих связей; структурная значимость ниже порогов других ролей.
100000005668605100,consolidator,0.906303,21,0.324539,"Признаки консолидации: 3 плательщиков, IN 94k KZT, охват 11 seed; набл. OUT/IN 0.00."
100000005744674100,peripheral,0.792507,21,0.106393,Периферия: 0 входящих и 1 исходящих связей; структурная значимость ниже порогов других ролей.
100000006232815100,distributor,0.606556,30,0.245865,"Признаки распределения: 5 получателей, OUT 296k KZT, охват 1 seed; fan-out высокий."
100000006249740100,distributor,0.527871,54,0.151086,"Признаки распределения: 3 получателей, OUT 93k KZT, охват 1 seed; fan-out высокий."
100000006831291100,peripheral,0.792507,54,0.086687,Периферия: 0 входящих и 1 исходящих связей; структурная значимость ниже порогов других ролей.
100000006866783100,coordinator,0.896711,1,0.48065,"Кандидат в координаторы: 13→67 связей, охват 7 seed, betweenness 0.0060; межкластерных связей 18."
100000007018630100,peripheral,0.792507,62,0.124765,Периферия: 0 входящих и 1 исходящих связей; структурная значимость ниже порогов других ролей.
100000007747786100,distributor,0.744355,7,0.244368,"Признаки распределения: 31 получателей, OUT 4.24m KZT, охват 1 seed; fan-out высокий."
100000007982728100,distributor,0.696199,7,0.224378,"Признаки распределения: 8 получателей, OUT 1.80m KZT, охват 1 seed; fan-out высокий."
100000008117324100,peripheral,0.877891,87,0.005218,Периферия: 0 входящих и 0 исходящих связей; структурная значимость ниже порогов других ролей.
100000008205000100,peripheral,0.877891,88,0.005218,Периферия: 0 входящих и 0 исходящих связей; структурная значимость ниже порогов других ролей.
100000008314203100,consolidator,0.754547,11,0.33458,"Признаки консолидации: 2 плательщиков, IN 382k KZT, охват 10 seed; набл. OUT/IN 0.86."
100000008418835100,distributor,0.680028,16,0.371913,"Признаки распределения: 4 получателей, OUT 186k KZT, охват 2 seed; fan-out высокий."
100000008513251100,peripheral,0.877891,89,0.005218,Периферия: 0 входящих и 0 исходящих связей; структурная значимость ниже порогов других ролей.
100000008516839100,consolidator,0.924907,21,0.332901,"Признаки консолидации: 3 плательщиков, IN 155k KZT, охват 11 seed; набл. OUT/IN 0.00."
100000008522127100,peripheral,0.792507,64,0.120235,Периферия: 0 входящих и 1 исходящих связей; структурная значимость ниже порогов других ролей.
100000008571433100,consolidator,0.570444,53,0.243214,"Признаки консолидации: 2 плательщиков, IN 350k KZT, охват 1 seed; набл. OUT/IN 4.10."
100000008575624100,distributor,0.524701,49,0.150223,"Признаки распределения: 3 получателей, OUT 90k KZT, охват 1 seed; fan-out высокий."
100000008601794100,consolidator,0.611732,57,0.232604,"Признаки консолидации: 2 плательщиков, IN 494k KZT, охват 1 seed; набл. OUT/IN 1.76."
100000008637537100,consolidator,0.76551,11,0.454017,"Признаки консолидации: 3 плательщиков, IN 620k KZT, охват 10 seed; набл. OUT/IN 3.79."
100000008650785100,consolidator,0.680341,6,0.379336,"Признаки консолидации: 2 плательщиков, IN 92k KZT, охват 9 seed; набл. OUT/IN 1.31."
100000008654653100,peripheral,0.792507,6,0.107755,Периферия: 0 входящих и 1 исходящих связей; структурная значимость ниже порогов других ролей.
100000008659445100,distributor,0.567203,43,0.248176,"Признаки распределения: 4 получателей, OUT 875k KZT, охват 1 seed; fan-out высокий."
100000008669037100,peripheral,0.877891,90,0.005218,Периферия: 0 входящих и 0 исходящих связей; структурная значимость ниже порогов других ролей.
100000008673001100,peripheral,0.320996,21,0.149924,Периферия: 1 входящих и 0 исходящих связей; структурная значимость ниже порогов других ролей.
100000008680731100,distributor,0.728044,12,0.238046,"Признаки распределения: 27 получателей, OUT 1.46m KZT, охват 1 seed; fan-out высокий."
100000008701222100,peripheral,0.877891,91,0.005218,Периферия: 0 входящих и 0 исходящих связей; структурная значимость ниже порогов других ролей.
100000008738325100,transit,0.372725,21,0.193203,"Признаки транзита: OUT/IN 1.48, same-day match 0%, 1→1 контрагентов."
100000003134937100,terminal,0.644211,6,0.241691,"Признаки конечного узла: depth=1, IN 10k KZT, исходящих контрагентов 0; не boundary depth=4."
100000005074393100,coordinator,0.852653,14,0.866769,"Кандидат в координаторы: 4→6 связей, охват 10 seed, betweenness 0.0002; межкластерных связей 1."
100000001924185100,terminal,0.899053,10,0.560662,"Признаки конечного узла: depth=1, IN 151k KZT, исходящих контрагентов 0; не boundary depth=4."
100000004070318100,coordinator,0.822723,1,0.808791,"Кандидат в координаторы: 4→19 связей, охват 7 seed, betweenness 0.0021; межкластерных связей 11."
100000005807278100,peripheral,0.640775,46,0.158884,Периферия: 1 входящих и 0 исходящих связей; структурная значимость ниже порогов других ролей.
100000003377795100,peripheral,0.640775,7,0.136628,Периферия: 1 входящих и 0 исходящих связей; структурная значимость ниже порогов других ролей.
100000004330371100,coordinator,0.746438,6,0.717032,"Кандидат в координаторы: 2→2 связей, охват 7 seed, betweenness 0.0003; межкластерных связей 0."
100000008165763100,coordinator,0.852107,3,0.930571,"Кандидат в координаторы: 15→17 связей, охват 9 seed, betweenness 0.0003; межкластерных связей 12."
100000001684867100,terminal,0.717321,6,0.281561,"Признаки конечного узла: depth=1, IN 31k KZT, исходящих контрагентов 0; не boundary depth=4."
100000003900547100,terminal,0.69384,6,0.267579,"Признаки конечного узла: depth=1, IN 24k KZT, исходящих контрагентов 0; не boundary depth=4."
100000006656003100,peripheral,0.540775,2,0.2383,Периферия: 1 входящих и 1 исходящих связей; структурная значимость ниже порогов других ролей.
100000008237827100,terminal,0.733568,3,0.403116,"Признаки конечного узла: depth=1, IN 40k KZT, исходящих контрагентов 0; не boundary depth=4."
100000003014659100,terminal,0.848436,10,0.456105,"Признаки конечного узла: depth=1, IN 280k KZT, исходящих контрагентов 0; не boundary depth=4."
100000007939160100,peripheral,0.086477,44,0.373713,Периферия: 1 входящих и 2 исходящих связей; структурная значимость ниже порогов других ролей.
100000007274584100,terminal,0.729442,3,0.400399,"Признаки конечного узла: depth=1, IN 38k KZT, исходящих контрагентов 0; не boundary depth=4."
100000001524952100,terminal,0.797919,1,0.348109,"Признаки конечного узла: depth=1, IN 104k KZT, исходящих контрагентов 0; не boundary depth=4."
100000003131693100,terminal,0.857829,3,0.496984,"Признаки конечного узла: depth=1, IN 353k KZT, исходящих контрагентов 0; не boundary depth=4."
100000008383405100,terminal,0.699361,24,0.204819,"Признаки конечного узла: depth=1, IN 25k KZT, исходящих контрагентов 0; не boundary depth=4."
100000008736173100,terminal,0.718083,2,0.194687,"Признаки конечного узла: depth=1, IN 31k KZT, исходящих контрагентов 0; не boundary depth=4."
100000002861485100,terminal,0.711355,6,0.278095,"Признаки конечного узла: depth=1, IN 29k KZT, исходящих контрагентов 0; не boundary depth=4."
100000008745474100,terminal,0.734329,2,0.206904,"Признаки конечного узла: depth=1, IN 41k KZT, исходящих контрагентов 0; не boundary depth=4."
100000008691330100,terminal,0.687239,2,0.175482,"Признаки конечного узла: depth=1, IN 21k KZT, исходящих контрагентов 0; не boundary depth=4."
100000007639767100,coordinator,0.79541,1,0.788359,"Кандидат в координаторы: 4→10 связей, охват 7 seed, betweenness 0.0025; межкластерных связей 4."
100000002921047100,consolidator,0.818927,7,0.690567,"Признаки консолидации: 2 плательщиков, IN 338k KZT, охват 9 seed; набл. OUT/IN 0.48."
100000004783447100,terminal,0.705453,2,0.185939,"Признаки конечного узла: depth=1, IN 26k KZT, исходящих контрагентов 0; не boundary depth=4."
100000008696919100,terminal,0.719606,2,0.19596,"Признаки конечного узла: depth=1, IN 32k KZT, исходящих контрагентов 0; не boundary depth=4."
100000008736940100,consolidator,0.665408,43,0.447845,"Признаки консолидации: 3 плательщиков, IN 451k KZT, охват 1 seed; набл. OUT/IN 0.40."
100000005940652100,terminal,0.63082,11,0.340496,"Признаки конечного узла: depth=1, IN 8k KZT, исходящих контрагентов 0; не boundary depth=4."
100000004180097100,coordinator,0.77145,1,0.725079,"Кандидат в координаторы: 3→3 связей, охват 7 seed, betweenness 0.0003; межкластерных связей 1."
100000005539201100,transit,0.453688,6,0.495962,"Признаки транзита: OUT/IN 0.55, same-day match 0%, 1→1 контрагентов."
100000005620225100,terminal,0.829878,1,0.385256,"Признаки конечного узла: depth=1, IN 50k KZT, исходящих контрагентов 0; не boundary depth=4."
100000004388353100,terminal,0.848155,10,0.511043,"Признаки конечного узла: depth=1, IN 63k KZT, исходящих контрагентов 0; не boundary depth=4."
100000007442518100,coordinator,0.827426,31,0.819451,"Кандидат в координаторы: 5→9 связей, охват 7 seed, betweenness 0.0003; межкластерных связей 5."
100000000267734100,distributor,0.592909,7,0.452375,"Признаки распределения: 7 получателей, OUT 282k KZT, охват 1 seed; fan-out высокий."
100000001987030100,consolidator,0.640706,16,0.583773,"Признаки консолидации: 2 плательщиков, IN 31k KZT, охват 7 seed; набл. OUT/IN 0.62."
100000002603478100,terminal,0.691999,12,0.175356,"Признаки конечного узла: depth=1, IN 24k KZT, исходящих контрагентов 0; не boundary depth=4."
100000001380054100,distributor,0.524808,30,0.443916,"Признаки распределения: 3 получателей, OUT 360k KZT, охват 1 seed; fan-out высокий."
100000002992171100,terminal,0.656142,2,0.1561,"Признаки конечного узла: depth=1, IN 15k KZT, исходящих контрагентов 0; не boundary depth=4."
100000002781227100,transit,0.652322,64,0.649178,"Признаки транзита: OUT/IN 1.11, same-day match 19%, 2→3 контрагентов."
100000008745643100,terminal,0.684701,2,0.173615,"Признаки конечного узла: depth=1, IN 20k KZT, исходящих контрагентов 0; не boundary depth=4."
100000002836736100,terminal,0.953885,7,0.425607,"Признаки конечного узла: depth=1, IN 509k KZT, исходящих контрагентов 0; не boundary depth=4."
100000004188160100,coordinator,0.75859,6,0.732307,"Кандидат в координаторы: 2→5 связей, охват 7 seed, betweenness 0.0025; межкластерных связей 2."
100000004841728100,terminal,0.755653,2,0.220811,"Признаки конечного узла: depth=1, IN 52k KZT, исходящих контрагентов 0; не boundary depth=4."
100000001554432100,terminal,0.758318,3,0.419477,"Признаки конечного узла: depth=1, IN 54k KZT, исходящих контрагентов 0; не boundary depth=4."
100000008768896100,terminal,0.743912,2,0.213888,"Признаки конечного узла: depth=1, IN 47k KZT, исходящих контрагентов 0; не boundary depth=4."
100000008232832100,terminal,0.407878,11,0.548836,"Признаки конечного узла: depth=1, IN 337k KZT, исходящих контрагентов 1; не boundary depth=4."
100000002864256100,terminal,0.80985,3,0.459644,"Признаки конечного узла: depth=1, IN 136k KZT, исходящих контрагентов 0; не boundary depth=4."
100000001929088100,terminal,0.944112,7,0.418178,"Признаки конечного узла: depth=1, IN 396k KZT, исходящих контрагентов 0; не boundary depth=4."
100000002794197100,terminal,0.716813,7,0.178098,"Признаки конечного узла: depth=1, IN 30k KZT, исходящих контрагентов 0; не boundary depth=4."
100000005669845100,terminal,0.680703,30,0.204183,"Признаки конечного узла: depth=1, IN 20k KZT, исходящих контрагентов 0; не boundary depth=4."
100000002211413100,terminal,0.727792,2,0.202207,"Признаки конечного узла: depth=1, IN 37k KZT, исходящих контрагентов 0; не boundary depth=4."
100000002784085100,terminal,0.832507,8,0.269381,"Признаки конечного узла: depth=1, IN 200k KZT, исходящих контрагентов 0; не boundary depth=4."
100000008782421100,terminal,0.747783,2,0.216459,"Признаки конечного узла: depth=1, IN 50k KZT, исходящих контрагентов 0; не boundary depth=4."
100000003739818100,terminal,0.761872,3,0.4223,"Признаки конечного узла: depth=1, IN 57k KZT, исходящих контрагентов 0; не boundary depth=4."
100000002214570100,terminal,0.706405,2,0.186556,"Признаки конечного узла: depth=1, IN 26k KZT, исходящих контрагентов 0; не boundary depth=4."
100000006443391100,consolidator,0.59274,8,0.416009,"Признаки консолидации: 3 плательщиков, IN 87k KZT, охват 1 seed; набл. OUT/IN 0.69."
100000005473151100,consolidator,0.85126,9,0.862589,"Признаки консолидации: 3 плательщиков, IN 1.22m KZT, охват 9 seed; набл. OUT/IN 0.18."
100000005124479100,consolidator,0.806017,1,0.715323,"Признаки консолидации: 2 плательщиков, IN 138k KZT, охват 10 seed; набл. OUT/IN 0.16."
100000005527892100,distributor,0.802617,18,0.852862,"Признаки распределения: 8 получателей, OUT 552k KZT, охват 8 seed; fan-out высокий."
100000008028628100,terminal,0.761745,2,0.225075,"Признаки конечного узла: depth=1, IN 57k KZT, исходящих контрагентов 0; не boundary depth=4."
100000001953577100,terminal,0.662869,2,0.160302,"Признаки конечного узла: depth=1, IN 16k KZT, исходящих контрагентов 0; не boundary depth=4."
100000008193577100,distributor,0.578158,43,0.444898,"Признаки распределения: 5 получателей, OUT 480k KZT, охват 1 seed; fan-out высокий."
100000008753193100,terminal,0.725571,2,0.200323,"Признаки конечного узла: depth=1, IN 35k KZT, исходящих контрагентов 0; не boundary depth=4."
100000008746025100,terminal,0.688255,2,0.176184,"Признаки конечного узла: depth=1, IN 22k KZT, исходящих контрагентов 0; не boundary depth=4."
100000002934441100,terminal,0.847013,1,0.401462,"Признаки конечного узла: depth=1, IN 61k KZT, исходящих контрагентов 0; не boundary depth=4."
100000003701161100,consolidator,0.794648,23,0.762805,"Признаки консолидации: 4 плательщиков, IN 1.53m KZT, охват 7 seed; набл. OUT/IN 0.23."
100000006707582100,distributor,0.741039,10,0.711728,"Признаки распределения: 14 получателей, OUT 961k KZT, охват 1 seed; fan-out высокий."
100000003239379100,terminal,0.788146,12,0.242739,"Признаки конечного узла: depth=1, IN 92k KZT, исходящих контрагентов 0; не boundary depth=4."
100000000979923100,terminal,0.791763,10,0.412158,"Признаки конечного узла: depth=1, IN 98k KZT, исходящих контрагентов 0; не boundary depth=4."
100000001111763100,terminal,0.66801,2,0.163849,"Признаки конечного узла: depth=1, IN 17k KZT, исходящих контрагентов 0; не boundary depth=4."
100000003865939100,terminal,0.78053,70,0.273921,"Признаки конечного узла: depth=1, IN 81k KZT, исходящих контрагентов 0; не boundary depth=4."
100000002858835100,terminal,0.696505,2,0.181137,"Признаки конечного узла: depth=1, IN 24k KZT, исходящих контрагентов 0; не boundary depth=4."
100000003404627100,terminal,0.985444,11,0.651667,"Признаки конечного узла: depth=1, IN 878k KZT, исходящих контрагентов 0; не boundary depth=4."
100000008691027100,terminal,0.670675,2,0.165258,"Признаки конечного узла: depth=1, IN 18k KZT, исходящих контрагентов 0; не boundary depth=4."
100000004071080100,consolidator,0.794667,1,0.713051,"Признаки консолидации: 9 плательщиков, IN 239k KZT, охват 7 seed; набл. OUT/IN 0.19."
100000002864680100,terminal,0.760984,12,0.220763,"Признаки конечного узла: depth=1, IN 56k KZT, исходящих контрагентов 0; не boundary depth=4."
100000001330685100,consolidator,0.853127,5,0.636027,"Признаки консолидации: 3 плательщиков, IN 2.44m KZT, охват 7 seed; набл. OUT/IN 0.04."
100000008745725100,terminal,0.743912,2,0.213888,"Признаки конечного узла: depth=1, IN 47k KZT, исходящих контрагентов 0; не boundary depth=4."
100000002621949100,terminal,0.820639,3,0.468849,"Признаки конечного узла: depth=1, IN 165k KZT, исходящих контрагентов 0; не boundary depth=4."
100000007908818100,consolidator,0.842263,3,0.878828,"Признаки консолидации: 4 плательщиков, IN 727k KZT, охват 11 seed; набл. OUT/IN 0.42."
100000008691495100,terminal,0.707548,2,0.187548,"Признаки конечного узла: depth=1, IN 27k KZT, исходящих контрагентов 0; не boundary depth=4."
100000003832231100,terminal,0.724683,3,0.396712,"Признаки конечного узла: depth=1, IN 35k KZT, исходящих контрагентов 0; не boundary depth=4."
100000002371751100,transit,0.409669,62,0.354188,"Признаки транзита: OUT/IN 1.25, same-day match 0%, 1→1 контрагентов."
100000002894076100,terminal,0.98849,7,0.680681,"Признаки конечного узла: depth=1, IN 1.12m KZT, исходящих контрагентов 0; не boundary depth=4."
100000001362940100,terminal,0.780213,3,0.436587,"Признаки конечного узла: depth=1, IN 81k KZT, исходящих контрагентов 0; не boundary depth=4."
100000008741372100,terminal,0.72646,2,0.200921,"Признаки конечного узла: depth=1, IN 36k KZT, исходящих контрагентов 0; не boundary depth=4."
100000002618492100,terminal,0.932561,10,0.536734,"Признаки конечного узла: depth=1, IN 296k KZT, исходящих контрагентов 0; не boundary depth=4."
100000002750332100,terminal,0.646496,8,0.145746,"Признаки конечного узла: depth=1, IN 11k KZT, исходящих контрагентов 0; не boundary depth=4."
100000004948177100,terminal,0.961976,6,0.499871,"Признаки конечного узла: depth=1, IN 437k KZT, исходящих контрагентов 0; не boundary depth=4."
100000002511825100,terminal,0.768282,1,0.325725,"Признаки конечного узла: depth=1, IN 65k KZT, исходящих контрагентов 0; не boundary depth=4."
100000008566737100,terminal,0.92063,1,0.577492,"Признаки конечного узла: depth=1, IN 230k KZT, исходящих контрагентов 0; не boundary depth=4."
100000008661585100,terminal,0.736741,2,0.209057,"Признаки конечного узла: depth=1, IN 43k KZT, исходящих контрагентов 0; не boundary depth=4."
100000004759121100,consolidator,0.786364,1,0.72797,"Признаки консолидации: 6 плательщиков, IN 710k KZT, охват 7 seed; набл. OUT/IN 0.44."
100000004360785100,terminal,0.789923,6,0.333697,"Признаки конечного узла: depth=1, IN 95k KZT, исходящих контрагентов 0; не boundary depth=4."
100000005092518100,terminal,0.70393,2,0.185181,"Признаки конечного узла: depth=1, IN 26k KZT, исходящих контрагентов 0; не boundary depth=4."
100000008737958100,terminal,0.839397,2,0.296901,"Признаки конечного узла: depth=1, IN 53k KZT, исходящих контрагентов 0; не boundary depth=4."
100000003044518100,terminal,0.723033,7,0.182068,"Признаки конечного узла: depth=1, IN 34k KZT, исходящих контрагентов 0; не boundary depth=4."
100000004159526100,consolidator,0.817775,15,0.819508,"Признаки консолидации: 4 плательщиков, IN 275k KZT, охват 8 seed; набл. OUT/IN 0.25."
100000007544358100,consolidator,0.682375,6,0.565037,"Признаки консолидации: 2 плательщиков, IN 322k KZT, охват 7 seed; набл. OUT/IN 1.09."
100000005901606100,terminal,0.726079,2,0.200707,"Признаки конечного узла: depth=1, IN 36k KZT, исходящих контрагентов 0; не boundary depth=4."
100000006658598100,terminal,0.632534,6,0.236542,"Признаки конечного узла: depth=1, IN 9k KZT, исходящих контрагентов 0; не boundary depth=4."
100000002793851100,terminal,0.646115,6,0.242644,"Признаки конечного узла: depth=1, IN 11k KZT, исходящих контрагентов 0; не boundary depth=4."
100000005612411100,distributor,0.788829,3,0.785616,"Признаки распределения: 8 получателей, OUT 507k KZT, охват 8 seed; fan-out высокий."
100000007511163100,transit,0.713783,6,0.695516,"Признаки транзита: OUT/IN 1.29, same-day match 60%, 2→3 контрагентов."
100000002648315100,peripheral,0.396182,7,0.314178,Периферия: 1 входящих и 2 исходящих связей; структурная значимость ниже порогов других ролей.
100000004739664100,peripheral,0.540775,2,0.24927,Периферия: 1 входящих и 1 исходящих связей; структурная значимость ниже порогов других ролей.
100000003713616100,terminal,0.663758,6,0.251982,"Признаки конечного узла: depth=1, IN 16k KZT, исходящих контрагентов 0; не boundary depth=4."
100000003476560100,terminal,0.750576,3,0.414665,"Признаки конечного узла: depth=1, IN 50k KZT, исходящих контрагентов 0; не boundary depth=4."
100000008782800100,terminal,0.736995,2,0.209342,"Признаки конечного узла: depth=1, IN 43k KZT, исходящих контрагентов 0; не boundary depth=4."
100000004218576100,terminal,0.70393,2,0.185181,"Признаки конечного узла: depth=1, IN 26k KZT, исходящих контрагентов 0; не boundary depth=4."
100000003299365100,transit,0.707666,3,0.5476,"Признаки транзита: OUT/IN 1.00, same-day match 100%, 1→1 контрагентов."
100000008730021100,terminal,0.77685,16,0.303531,"Признаки конечного узла: depth=1, IN 76k KZT, исходящих контрагентов 0; не boundary depth=4."
100000002757797100,terminal,0.794492,12,0.247049,"Признаки конечного узла: depth=1, IN 100k KZT, исходящих контрагентов 0; не boundary depth=4."
100000002845605100,terminal,0.762253,1,0.320931,"Признаки конечного узла: depth=1, IN 58k KZT, исходящих контрагентов 0; не boundary depth=4."
100000000817146100,terminal,0.772915,6,0.463774,"Признаки конечного узла: depth=1, IN 70k KZT, исходящих контрагентов 0; не boundary depth=4."
100000002957306100,terminal,0.944238,10,0.59879,"Признаки конечного узла: depth=1, IN 398k KZT, исходящих контрагентов 0; не boundary depth=4."
100000008188026100,distributor,0.680595,16,0.68167,"Признаки распределения: 4 получателей, OUT 338k KZT, охват 7 seed; fan-out высокий."
100000004790991100,terminal,0.841582,6,0.373875,"Признаки конечного узла: depth=1, IN 239k KZT, исходящих контрагентов 0; не boundary depth=4."
100000002973903100,terminal,0.884805,12,0.562798,"Признаки конечного узла: depth=1, IN 93k KZT, исходящих контрагентов 0; не boundary depth=4."
100000004325327100,consolidator,0.631783,1,0.541561,"Признаки консолидации: 2 плательщиков, IN 71k KZT, охват 7 seed; набл. OUT/IN 0.99."
100000001477796100,terminal,0.82616,3,0.277844,"Признаки конечного узла: depth=1, IN 182k KZT, исходящих контрагентов 0; не boundary depth=4."
100000007536804100,peripheral,0.396182,7,0.312236,Периферия: 1 входящих и 2 исходящих связей; структурная значимость ниже порогов других ролей.
100000008665380100,consolidator,0.717079,1,0.465932,"Признаки консолидации: 2 плательщиков, IN 69k KZT, охват 7 seed; набл. OUT/IN 0.26."
100000001870116100,terminal,0.695045,2,0.180416,"Признаки конечного узла: depth=1, IN 24k KZT, исходящих контрагентов 0; не boundary depth=4."
100000001074553100,terminal,0.79218,8,0.310025,"Признаки конечного узла: depth=1, IN 29k KZT, исходящих контрагентов 0; не boundary depth=4."
100000000978041100,terminal,0.73801,2,0.210244,"Признаки конечного узла: depth=1, IN 44k KZT, исходящих контрагентов 0; не boundary depth=4."
100000002603769100,terminal,0.982919,1,0.524009,"Признаки конечного узла: depth=1, IN 1.19m KZT, исходящих контрагентов 0; не boundary depth=4."
100000005034574100,terminal,0.845009,66,0.300249,"Признаки конечного узла: depth=1, IN 259k KZT, исходящих контрагентов 0; не boundary depth=4."
100000002958286100,terminal,0.844882,8,0.279754,"Признаки конечного узла: depth=1, IN 257k KZT, исходящих контрагентов 0; не boundary depth=4."
100000005634552100,distributor,0.688898,1,0.586677,"Признаки распределения: 3 получателей, OUT 1.20m KZT, охват 7 seed; fan-out высокий."
100000008736760100,terminal,0.759207,2,0.223516,"Признаки конечного узла: depth=1, IN 55k KZT, исходящих контрагентов 0; не boundary depth=4."
100000008701944100,terminal,0.755526,16,0.290237,"Признаки конечного узла: depth=1, IN 52k KZT, исходящих контрагентов 0; не boundary depth=4."
100000008748408100,distributor,0.716291,7,0.514084,"Признаки распределения: 21 получателей, OUT 1.50m KZT, охват 1 seed; fan-out высокий."
100000008486520100,peripheral,0.413367,6,0.406276,Периферия: 1 входящих и 1 исходящих связей; структурная значимость ниже порогов других ролей.
100000003163256100,transit,0.494795,6,0.387664,"Признаки транзита: OUT/IN 1.11, same-day match 0%, 1→1 контрагентов."
100000003102157100,terminal,0.790938,1,0.344477,"Признаки конечного узла: depth=1, IN 97k KZT, исходящих контрагентов 0; не boundary depth=4."
100000004741837100,terminal,0.702471,6,0.272252,"Признаки конечного узла: depth=1, IN 26k KZT, исходящих контрагентов 0; не boundary depth=4."
100000008443341100,coordinator,0.804898,12,0.738092,"Кандидат в координаторы: 2→3 связей, охват 7 seed, betweenness 0.0004; межкластерных связей 2."
100000004792397100,terminal,0.775326,2,0.236,"Признаки конечного узла: depth=1, IN 74k KZT, исходящих контрагентов 0; не boundary depth=4."
100000003809101100,consolidator,0.767626,10,0.749601,"Признаки консолидации: 2 плательщиков, IN 166k KZT, охват 8 seed; набл. OUT/IN 0.33."
100000002838861100,consolidator,0.923247,8,0.759646,"Признаки консолидации: 5 плательщиков, IN 555k KZT, охват 8 seed; набл. OUT/IN 0.02."
100000008560717100,consolidator,0.864057,5,0.646228,"Признаки консолидации: 7 плательщиков, IN 529k KZT, охват 7 seed; набл. OUT/IN 0.05."
100000008693069100,terminal,0.680703,2,0.171574,"Признаки конечного узла: depth=1, IN 20k KZT, исходящих контрагентов 0; не boundary depth=4."
100000008672162100,terminal,0.662552,2,0.160105,"Признаки конечного узла: depth=1, IN 16k KZT, исходящих контрагентов 0; не boundary depth=4."
100000007311010100,consolidator,0.793143,3,0.643221,"Признаки консолидации: 2 плательщиков, IN 64k KZT, охват 10 seed; набл. OUT/IN 0.31."
100000005505655100,coordinator,0.696233,26,0.63728,"Кандидат в координаторы: 2→1 связей, охват 7 seed, betweenness 0.0003; межкластерных связей 1."
100000004707703100,transit,0.704486,6,0.714637,"Признаки транзита: OUT/IN 0.97, same-day match 45%, 2→5 контрагентов."
100000004005964100,consolidator,0.577252,25,0.385233,"Признаки консолидации: 3 плательщиков, IN 98k KZT, охват 1 seed; набл. OUT/IN 0.74."
100000008244300100,consolidator,0.88066,5,0.60234,"Признаки консолидации: 5 плательщиков, IN 65k KZT, охват 8 seed; набл. OUT/IN 0.00."
100000002692044100,terminal,0.791256,12,0.245346,"Признаки конечного узла: depth=1, IN 97k KZT, исходящих контрагентов 0; не boundary depth=4."
100000001103905100,terminal,0.673214,2,0.166931,"Признаки конечного узла: depth=1, IN 18k KZT, исходящих контрагентов 0; не boundary depth=4."
100000008755361100,terminal,0.656142,2,0.1561,"Признаки конечного узла: depth=1, IN 15k KZT, исходящих контрагентов 0; не boundary depth=4."
100000002810870100,terminal,0.721636,2,0.19794,"Признаки конечного узла: depth=1, IN 34k KZT, исходящих контрагентов 0; не boundary depth=4."
100000005897462100,terminal,0.792208,10,0.412336,"Признаки конечного узла: depth=1, IN 98k KZT, исходящих контрагентов 0; не boundary depth=4."
100000000941942100,terminal,0.808073,3,0.4581,"Признаки конечного узла: depth=1, IN 130k KZT, исходящих контрагентов 0; не boundary depth=4."
100000008723830100,consolidator,0.692436,6,0.568931,"Признаки консолидации: 2 плательщиков, IN 460k KZT, охват 7 seed; набл. OUT/IN 0.99."
100000008776576100,terminal,0.656523,2,0.156568,"Признаки конечного узла: depth=1, IN 15k KZT, исходящих контрагентов 0; не boundary depth=4."
100000005432267100,terminal,0.939415,3,0.585925,"Признаки конечного узла: depth=1, IN 350k KZT, исходящих контрагентов 0; не boundary depth=4."
100000006745291100,terminal,0.781419,10,0.402767,"Признаки конечного узла: depth=1, IN 83k KZT, исходящих контрагентов 0; не boundary depth=4."
100000008670667100,terminal,0.662171,2,0.159817,"Признаки конечного узла: depth=1, IN 16k KZT, исходящих контрагентов 0; не boundary depth=4."
100000002480800100,terminal,0.957058,3,0.601531,"Признаки конечного узла: depth=1, IN 569k KZT, исходящих контрагентов 0; не boundary depth=4."
100000002182176100,terminal,0.736233,1,0.303796,"Признаки конечного узла: depth=1, IN 42k KZT, исходящих контрагентов 0; не boundary depth=4."
100000008219168100,terminal,0.75743,7,0.201885,"Признаки конечного узла: depth=1, IN 53k KZT, исходящих контрагентов 0; не boundary depth=4."
100000004226848100,terminal,0.852752,3,0.492295,"Признаки конечного узла: depth=1, IN 302k KZT, исходящих контрагентов 0; не boundary depth=4."
100000006326645100,terminal,0.701709,2,0.183718,"Признаки конечного узла: depth=1, IN 25k KZT, исходящих контрагентов 0; не boundary depth=4."
100000003589877100,distributor,0.772846,11,0.797152,"Признаки распределения: 6 получателей, OUT 416k KZT, охват 9 seed; fan-out высокий."
100000003942602100,transit,0.707666,2,0.277208,"Признаки транзита: OUT/IN 1.00, same-day match 100%, 1→1 контрагентов."
100000000922570100,peripheral,0.540775,12,0.283229,Периферия: 1 входящих и 1 исходящих связей; структурная значимость ниже порогов других ролей.
100000005079754100,transit,0.436272,3,0.683907,"Признаки транзита: OUT/IN 1.74, same-day match 0%, 1→2 контрагентов."
100000003187359100,terminal,0.676197,2,0.168816,"Признаки конечного узла: depth=1, IN 19k KZT, исходящих контрагентов 0; не boundary depth=4."
100000000998559100,terminal,0.794492,3,0.447461,"Признаки конечного узла: depth=1, IN 100k KZT, исходящих контрагентов 0; не boundary depth=4."
100000008690932100,terminal,0.690349,2,0.177604,"Признаки конечного узла: depth=1, IN 23k KZT, исходящих контрагентов 0; не boundary depth=4."
100000008773876100,terminal,0.70374,2,0.184986,"Признаки конечного узла: depth=1, IN 26k KZT, исходящих контрагентов 0; не boundary depth=4."
100000006789108100,terminal,0.728681,10,0.366085,"Признаки конечного узла: depth=1, IN 38k KZT, исходящих контрагентов 0; не boundary depth=4."
100000004058740100,terminal,0.714275,2,0.192213,"Признаки конечного узла: depth=1, IN 30k KZT, исходящих контрагентов 0; не boundary depth=4."
100000007641801100,terminal,0.832507,7,0.259152,"Признаки конечного узла: depth=1, IN 200k KZT, исходящих контрагентов 0; не boundary depth=4."
100000000555721100,terminal,0.884583,1,0.423678,"Признаки конечного узла: depth=1, IN 113k KZT, исходящих контрагентов 0; не boundary depth=4."
100000008729801100,terminal,0.670675,2,0.165258,"Признаки конечного узла: depth=1, IN 18k KZT, исходящих контрагентов 0; не boundary depth=4."
100000004664905100,terminal,0.936623,6,0.472925,"Признаки конечного узла: depth=1, IN 329k KZT, исходящих контрагентов 0; не boundary depth=4."
100000003057225100,terminal,0.840567,6,0.373093,"Признаки конечного узла: depth=1, IN 236k KZT, исходящих контрагентов 0; не boundary depth=4."
100000000703902100,terminal,0.702344,2,0.184218,"Признаки конечного узла: depth=1, IN 25k KZT, исходящих контрагентов 0; не boundary depth=4."
100000008720798100,terminal,0.662171,2,0.159817,"Признаки конечного узла: depth=1, IN 16k KZT, исходящих контрагентов 0; не boundary depth=4."
100000001411870100,terminal,0.965308,7,0.431838,"Признаки конечного узла: depth=1, IN 900k KZT, исходящих контрагентов 0; не boundary depth=4."
100000008556318100,terminal,0.90743,3,0.572094,"Признаки конечного узла: depth=1, IN 180k KZT, исходящих контрагентов 0; не boundary depth=4."
100000002720627100,terminal,0.831174,10,0.442891,"Признаки конечного узла: depth=1, IN 199k KZT, исходящих контрагентов 0; не boundary depth=4."
100000003022835100,terminal,0.80636,3,0.456727,"Признаки конечного узла: depth=1, IN 125k KZT, исходящих контрагентов 0; не boundary depth=4."
100000008304115100,terminal,0.754257,12,0.215797,"Признаки конечного узла: depth=1, IN 51k KZT, исходящих контрагентов 0; не boundary depth=4."
100000003886323100,consolidator,0.742245,6,0.53802,"Признаки консолидации: 2 плательщиков, IN 78k KZT, охват 7 seed; набл. OUT/IN 0.10."
100000000607731100,peripheral,0.42738,30,0.304784,Периферия: 1 входящих и 1 исходящих связей; структурная значимость ниже порогов других ролей.
100000005961971100,terminal,0.74461,2,0.214319,"Признаки конечного узла: depth=1, IN 47k KZT, исходящих контрагентов 0; не boundary depth=4."
100000000440392100,terminal,0.799062,6,0.339518,"Признаки конечного узла: depth=1, IN 106k KZT, исходящих контрагентов 0; не boundary depth=4."
100000004105288100,terminal,0.917838,3,0.594821,"Признаки конечного узла: depth=1, IN 215k KZT, исходящих контрагентов 0; не boundary depth=4."
100000008169544100,distributor,0.643904,6,0.670153,"Признаки распределения: 4 получателей, OUT 43k KZT, охват 7 seed; fan-out высокий."
100000004186824100,consolidator,0.808838,6,0.521636,"Признаки консолидации: 2 плательщиков, IN 452k KZT, охват 7 seed; набл. OUT/IN 0.02."
100000008672200100,peripheral,0.640775,2,0.141671,Периферия: 1 входящих и 0 исходящих связей; структурная значимость ниже порогов других ролей.
100000002188829100,terminal,0.862715,3,0.501658,"Признаки конечного узла: depth=1, IN 400k KZT, исходящих контрагентов 0; не boundary depth=4."
100000008717341100,terminal,0.656142,2,0.1561,"Признаки конечного узла: depth=1, IN 15k KZT, исходящих контрагентов 0; не boundary depth=4."
100000002214301100,terminal,0.239447,1,0.504283,"Признаки конечного узла: depth=1, IN 21k KZT, исходящих контрагентов 1; не boundary depth=4."
100000002565277100,terminal,0.869252,3,0.507684,"Признаки конечного узла: depth=1, IN 483k KZT, исходящих контрагентов 0; не boundary depth=4."
100000005546031100,consolidator,0.685104,49,0.38332,"Признаки консолидации: 3 плательщиков, IN 67k KZT, охват 1 seed; набл. OUT/IN 0.12."
100000003449074100,terminal,0.639261,1,0.241516,"Признаки конечного узла: depth=1, IN 10k KZT, исходящих контрагентов 0; не boundary depth=4."
100000008748914100,coordinator,0.770555,3,0.734339,"Кандидат в координаторы: 2→13 связей, охват 1 seed, betweenness 0.0006; межкластерных связей 5."
100000004744306100,transit,0.458923,21,0.651204,"Признаки транзита: OUT/IN 1.33, same-day match 0%, 1→2 контрагентов."
100000003158727100,terminal,0.955757,7,0.613836,"Признаки конечного узла: depth=1, IN 368k KZT, исходящих контрагентов 0; не boundary depth=4."
100000001389255100,terminal,0.665154,2,0.162099,"Признаки конечного узла: depth=1, IN 16k KZT, исходящих контрагентов 0; не boundary depth=4."
100000008695495100,terminal,0.686097,2,0.174591,"Признаки конечного узла: depth=1, IN 21k KZT, исходящих контрагентов 0; не boundary depth=4."
100000004015047100,consolidator,0.959359,7,0.846421,"Признаки консолидации: 9 плательщиков, IN 919k KZT, охват 11 seed; набл. OUT/IN 0.08."
100000005183943100,terminal,0.878391,44,0.334157,"Признаки конечного узла: depth=1, IN 681k KZT, исходящих контрагентов 0; не boundary depth=4."
100000003004487100,coordinator,0.763518,32,0.748991,"Кандидат в координаторы: 4→2 связей, охват 7 seed, betweenness 0.0002; межкластерных связей 3."
100000003042994100,terminal,0.849832,6,0.381193,"Признаки конечного узла: depth=1, IN 286k KZT, исходящих контрагентов 0; не boundary depth=4."
100000001899164100,consolidator,0.825321,12,0.802091,"Признаки консолидации: 4 плательщиков, IN 292k KZT, охват 8 seed; набл. OUT/IN 0.26."
100000003946524100,consolidator,0.704366,3,0.74724,"Признаки консолидации: 2 плательщиков, IN 134k KZT, охват 10 seed; набл. OUT/IN 1.08."
100000008717340100,terminal,0.735345,2,0.207551,"Признаки конечного узла: depth=1, IN 42k KZT, исходящих контрагентов 0; не boundary depth=4."
100000003831324100,terminal,0.933577,7,0.561764,"Признаки конечного узла: depth=1, IN 300k KZT, исходящих контрагентов 0; не boundary depth=4."
100000008129393100,terminal,0.639261,54,0.182503,"Признаки конечного узла: depth=1, IN 10k KZT, исходящих контрагентов 0; не boundary depth=4."
100000004388209100,terminal,0.647004,2,0.149466,"Признаки конечного узла: depth=1, IN 12k KZT, исходящих контрагентов 0; не boundary depth=4."
100000000706545100,consolidator,0.84607,6,0.627083,"Признаки консолидации: 3 плательщиков, IN 1.07m KZT, охват 7 seed; набл. OUT/IN 0.07."
100000004497606100,terminal,0.662171,2,0.159817,"Признаки конечного узла: depth=1, IN 16k KZT, исходящих контрагентов 0; не boundary depth=4."
100000008470470100,terminal,0.72151,2,0.197743,"Признаки конечного узла: depth=1, IN 34k KZT, исходящих контрагентов 0; не boundary depth=4."
100000004318918100,terminal,0.776976,10,0.399532,"Признаки конечного узла: depth=1, IN 76k KZT, исходящих контрагентов 0; не boundary depth=4."
100000005228059100,terminal,0.703296,2,0.184754,"Признаки конечного узла: depth=1, IN 26k KZT, исходящих контрагентов 0; не boundary depth=4."
100000001609499100,consolidator,0.78669,1,0.690165,"Признаки консолидации: 3 плательщиков, IN 263k KZT, охват 7 seed; набл. OUT/IN 0.08."
100000002824176100,terminal,0.814039,7,0.307719,"Признаки конечного узла: depth=1, IN 144k KZT, исходящих контрагентов 0; не boundary depth=4."
100000001363952100,consolidator,0.731425,4,0.538367,"Признаки консолидации: 2 плательщиков, IN 197k KZT, охват 7 seed; набл. OUT/IN 0.46."
100000001049200100,coordinator,0.769608,19,0.727,"Кандидат в координаторы: 2→4 связей, охват 7 seed, betweenness 0.0012; межкластерных связей 4."
100000002662768100,terminal,0.782307,3,0.244067,"Признаки конечного узла: depth=1, IN 84k KZT, исходящих контрагентов 0; не boundary depth=4."
100000004737477100,consolidator,0.635847,1,0.465594,"Признаки консолидации: 2 плательщиков, IN 50k KZT, охват 7 seed; набл. OUT/IN 0.82."
100000008680451100,terminal,0.692507,2,0.178862,"Признаки конечного узла: depth=1, IN 24k KZT, исходящих контрагентов 0; не boundary depth=4."
100000001952325100,terminal,0.778626,2,0.238268,"Признаки конечного узла: depth=1, IN 78k KZT, исходящих контрагентов 0; не boundary depth=4."
100000008751429100,consolidator,0.735502,43,0.421059,"Признаки консолидации: 3 плательщиков, IN 386k KZT, охват 1 seed; набл. OUT/IN 0.19."
100000001960517100,terminal,0.832507,7,0.321534,"Признаки конечного узла: depth=1, IN 200k KZT, исходящих контрагентов 0; не boundary depth=4."
100000008686234100,terminal,0.731283,1,0.300458,"Признаки конечного узла: depth=1, IN 40k KZT, исходящих контрагентов 0; не boundary depth=4."
100000004213658100,terminal,0.701963,2,0.183963,"Признаки конечного узла: depth=1, IN 25k KZT, исходящих контрагентов 0; не boundary depth=4."
100000001194266100,terminal,0.750576,3,0.414665,"Признаки конечного узла: depth=1, IN 50k KZT, исходящих контрагентов 0; не boundary depth=4."
100000002243354100,terminal,0.685462,2,0.174178,"Признаки конечного узла: depth=1, IN 21k KZT, исходящих контрагентов 0; не boundary depth=4."
100000006069103100,consolidator,0.656415,55,0.721485,"Признаки консолидации: 3 плательщиков, IN 229k KZT, охват 7 seed; набл. OUT/IN 1.18."
100000002760175100,terminal,0.82762,10,0.439988,"Признаки конечного узла: depth=1, IN 187k KZT, исходящих контрагентов 0; не boundary depth=4."
100000003567087100,terminal,0.765934,2,0.228415,"Признаки конечного узла: depth=1, IN 62k KZT, исходящих контрагентов 0; не boundary depth=4."
100000008229700100,peripheral,0.540775,12,0.241899,Периферия: 1 входящих и 1 исходящих связей; структурная значимость ниже порогов других ролей.
100000004076740100,coordinator,0.816789,35,0.774172,"Кандидат в координаторы: 3→6 связей, охват 7 seed, betweenness 0.0004; межкластерных связей 2."
100000003284932100,terminal,0.771011,3,0.429899,"Признаки конечного узла: depth=1, IN 70k KZT, исходящих контрагентов 0; не boundary depth=4."
100000008071620100,terminal,0.742833,1,0.308685,"Признаки конечного узла: depth=1, IN 47k KZT, исходящих контрагентов 0; не boundary depth=4."
100000003235780100,terminal,0.850122,1,0.384366,"Признаки конечного узла: depth=1, IN 65k KZT, исходящих контрагентов 0; не boundary depth=4."
100000005363908100,transit,0.707666,49,0.297372,"Признаки транзита: OUT/IN 1.00, same-day match 100%, 1→1 контрагентов."
100000001851289100,terminal,0.800458,6,0.340808,"Признаки конечного узла: depth=1, IN 110k KZT, исходящих контрагентов 0; не boundary depth=4."
100000002870937100,terminal,0.782053,7,0.219907,"Признаки конечного узла: depth=1, IN 84k KZT, исходящих контрагентов 0; не boundary depth=4."
100000002152857100,distributor,0.729374,28,0.648385,"Признаки распределения: 5 получателей, OUT 1.23m KZT, охват 1 seed; fan-out высокий."
100000002600345100,terminal,0.837874,6,0.38795,"Признаки конечного узла: depth=1, IN 52k KZT, исходящих контрагентов 0; не boundary depth=4."
100000002580377100,peripheral,0.413367,6,0.402274,Периферия: 1 входящих и 1 исходящих связей; структурная значимость ниже порогов других ролей.
100000004094958100,transit,0.696169,49,0.326108,"Признаки транзита: OUT/IN 1.03, same-day match 98%, 1→1 контрагентов."
100000002609774100,terminal,0.180934,9,0.523682,"Признаки конечного узла: depth=1, IN 8k KZT, исходящих контрагентов 1; не boundary depth=4."
100000002596035100,terminal,0.839297,10,0.449374,"Признаки конечного узла: depth=1, IN 232k KZT, исходящих контрагентов 0; не boundary depth=4."
100000004664515100,terminal,0.728998,1,0.298609,"Признаки конечного узла: depth=1, IN 38k KZT, исходящих контрагентов 0; не boundary depth=4."
100000000661912100,coordinator,0.805294,1,0.78206,"Кандидат в координаторы: 5→2 связей, охват 7 seed, betweenness 0.0013; межкластерных связей 1."
100000004144536100,terminal,0.924773,25,0.41138,"Признаки конечного узла: depth=1, IN 168k KZT, исходящих контрагентов 0; не boundary depth=4."
100000006177176100,terminal,0.631899,6,0.236242,"Признаки конечного узла: depth=1, IN 9k KZT, исходящих контрагентов 0; не boundary depth=4."
100000002158488100,terminal,0.719479,2,0.195778,"Признаки конечного узла: depth=1, IN 32k KZT, исходящих контрагентов 0; не boundary depth=4."
100000000041368100,terminal,0.819497,3,0.467737,"Признаки конечного узла: depth=1, IN 160k KZT, исходящих контрагентов 0; не boundary depth=4."
100000008722328100,terminal,0.693459,2,0.179533,"Признаки конечного узла: depth=1, IN 24k KZT, исходящих контрагентов 0; не boundary depth=4."
100000008735384100,terminal,0.730521,2,0.204851,"Признаки конечного узла: depth=1, IN 39k KZT, исходящих контрагентов 0; не boundary depth=4."
100000004480280100,peripheral,0.036633,3,0.63807,Периферия: 1 входящих и 2 исходящих связей; структурная значимость ниже порогов других ролей.
100000004286573100,terminal,0.66655,12,0.159866,"Признаки конечного узла: depth=1, IN 17k KZT, исходящих контрагентов 0; не boundary depth=4."
100000001746925100,terminal,0.321187,3,0.661074,"Признаки конечного узла: depth=1, IN 65k KZT, исходящих контрагентов 1; не boundary depth=4."
100000001660397100,transit,0.779386,1,0.689455,"Признаки транзита: OUT/IN 1.01, same-day match 51%, 2→3 контрагентов."
100000002591469100,terminal,0.84044,7,0.265294,"Признаки конечного узла: depth=1, IN 236k KZT, исходящих контрагентов 0; не boundary depth=4."
100000002731501100,distributor,0.620792,25,0.464714,"Признаки распределения: 7 получателей, OUT 834k KZT, охват 1 seed; fan-out высокий."
100000000089154100,distributor,0.798859,1,0.705985,"Признаки распределения: 15 получателей, OUT 426k KZT, охват 7 seed; fan-out высокий."
100000008732098100,terminal,0.663187,2,0.160679,"Признаки конечного узла: depth=1, IN 16k KZT, исходящих контрагентов 0; не boundary depth=4."
100000005456919100,consolidator,0.729585,43,0.411092,"Признаки консолидации: 2 плательщиков, IN 480k KZT, охват 1 seed; набл. OUT/IN 0.01."
100000000507799100,transit,0.512536,39,0.495138,"Признаки транзита: OUT/IN 1.56, same-day match 0%, 1→1 контрагентов."
100000008716439100,terminal,0.649161,2,0.150704,"Признаки конечного узла: depth=1, IN 12k KZT, исходящих контрагентов 0; не boundary depth=4."
100000002981527100,terminal,0.822289,8,0.2624,"Признаки конечного узла: depth=1, IN 168k KZT, исходящих контрагентов 0; не boundary depth=4."
100000002844652100,terminal,0.765426,7,0.207972,"Признаки конечного узла: depth=1, IN 61k KZT, исходящих контрагентов 0; не boundary depth=4."
100000002605548100,terminal,0.885345,10,0.549728,"Признаки конечного узла: depth=1, IN 117k KZT, исходящих контрагентов 0; не boundary depth=4."
100000002750956100,terminal,0.744864,1,0.309849,"Признаки конечного узла: depth=1, IN 47k KZT, исходящих контрагентов 0; не boundary depth=4."
100000002982252100,terminal,0.684828,2,0.173718,"Признаки конечного узла: depth=1, IN 20k KZT, исходящих контрагентов 0; не boundary depth=4."
100000000961900100,terminal,0.808617,1,0.371978,"Признаки конечного узла: depth=1, IN 36k KZT, исходящих контрагентов 0; не boundary depth=4."
100000007175718100,terminal,0.680703,46,0.194734,"Признаки конечного узла: depth=1, IN 20k KZT, исходящих контрагентов 0; не boundary depth=4."
100000002306369100,distributor,0.735798,3,0.697106,"Признаки распределения: 6 получателей, OUT 261k KZT, охват 7 seed; fan-out высокий."
100000000667713100,coordinator,0.745237,6,0.721421,"Кандидат в координаторы: 2→6 связей, охват 7 seed, betweenness 0.0001; межкластерных связей 3."
100000001072022100,terminal,0.98495,3,0.642463,"Признаки конечного узла: depth=1, IN 1.68m KZT, исходящих контрагентов 0; не boundary depth=4."
100000008116374100,terminal,0.718717,6,0.282679,"Признаки конечного узла: depth=1, IN 31k KZT, исходящих контрагентов 0; не boundary depth=4."
100000000703894100,terminal,0.357615,30,0.335527,"Признаки конечного узла: depth=1, IN 120k KZT, исходящих контрагентов 1; не boundary depth=4."
100000008066326100,terminal,0.676451,1,0.264747,"Признаки конечного узла: depth=1, IN 19k KZT, исходящих контрагентов 0; не boundary depth=4."
100000004662806100,consolidator,0.725799,12,0.670827,"Признаки консолидации: 2 плательщиков, IN 107k KZT, охват 8 seed; набл. OUT/IN 0.56."
100000005778283100,terminal,0.974034,7,0.596466,"Признаки конечного узла: depth=1, IN 616k KZT, исходящих контрагентов 0; не boundary depth=4."
100000004408683100,terminal,0.884329,6,0.443691,"Признаки конечного узла: depth=1, IN 113k KZT, исходящих контрагентов 0; не boundary depth=4."
100000002704875100,terminal,0.938876,4,0.517638,"Признаки конечного узла: depth=1, IN 245k KZT, исходящих контрагентов 0; не boundary depth=4."
100000008349675100,peripheral,0.540775,7,0.262289,Периферия: 1 входящих и 1 исходящих связей; структурная значимость ниже порогов других ролей.
100000006889963100,consolidator,0.922846,5,0.813371,"Признаки консолидации: 4 плательщиков, IN 1.43m KZT, охват 11 seed; набл. OUT/IN 0.31."
100000008771819100,terminal,0.730014,2,0.20452,"Признаки конечного узла: depth=1, IN 39k KZT, исходящих контрагентов 0; не boundary depth=4."
100000008586731100,terminal,0.647765,12,0.148507,"Признаки конечного узла: depth=1, IN 12k KZT, исходящих контрагентов 0; не boundary depth=4."
100000005844459100,terminal,0.924184,1,0.455806,"Признаки конечного узла: depth=1, IN 243k KZT, исходящих контрагентов 0; не boundary depth=4."
100000008172352100,distributor,0.764896,33,0.827021,"Признаки распределения: 7 получателей, OUT 290k KZT, охват 8 seed; fan-out высокий."
100000001162560100,distributor,0.705224,8,0.502408,"Признаки распределения: 12 получателей, OUT 2.90m KZT, охват 1 seed; fan-out высокий."
100000008779584100,terminal,0.718844,2,0.195304,"Признаки конечного узла: depth=1, IN 31k KZT, исходящих контрагентов 0; не boundary depth=4."
100000007631637100,terminal,0.6616,2,0.159181,"Признаки конечного узла: depth=1, IN 15k KZT, исходящих контрагентов 0; не boundary depth=4."
100000007347733100,terminal,0.690666,54,0.21705,"Признаки конечного узла: depth=1, IN 23k KZT, исходящих контрагентов 0; не boundary depth=4."
100000001463701100,terminal,0.959723,10,0.570846,"Признаки конечного узла: depth=1, IN 621k KZT, исходящих контрагентов 0; не boundary depth=4."
100000008664469100,terminal,0.699361,3,0.379787,"Признаки конечного узла: depth=1, IN 25k KZT, исходящих контрагентов 0; не boundary depth=4."
100000003923946100,distributor,0.632252,7,0.471416,"Признаки распределения: 4 получателей, OUT 675k KZT, охват 2 seed; fan-out высокий."
100000006562026100,terminal,0.857801,54,0.388238,"Признаки конечного узла: depth=1, IN 75k KZT, исходящих контрагентов 0; не boundary depth=4."
100000008776298100,terminal,0.736487,2,0.208811,"Признаки конечного узла: depth=1, IN 43k KZT, исходящих контрагентов 0; не boundary depth=4."
100000006446271100,terminal,0.861355,3,0.516129,"Признаки конечного узла: depth=1, IN 80k KZT, исходящих контрагентов 0; не boundary depth=4."
100000004588479100,terminal,0.824574,6,0.361391,"Признаки конечного узла: depth=1, IN 178k KZT, исходящих контрагентов 0; не boundary depth=4."
100000002324543100,terminal,0.71694,8,0.183726,"Признаки конечного узла: depth=1, IN 30k KZT, исходящих контрагентов 0; не boundary depth=4."
100000007129492100,consolidator,0.740919,10,0.655791,"Признаки консолидации: 2 плательщиков, IN 51k KZT, охват 11 seed; набл. OUT/IN 0.73."
100000003877908100,terminal,0.732552,3,0.402662,"Признаки конечного узла: depth=1, IN 40k KZT, исходящих контрагентов 0; не boundary depth=4."
100000002748180100,distributor,0.66816,13,0.461734,"Признаки распределения: 8 получателей, OUT 680k KZT, охват 1 seed; fan-out высокий."
100000000945428100,terminal,0.785481,1,0.340043,"Признаки конечного узла: depth=1, IN 90k KZT, исходящих контрагентов 0; не boundary depth=4."
100000003115284100,consolidator,0.909844,10,0.920556,"Признаки консолидации: 8 плательщиков, IN 2.16m KZT, охват 11 seed; набл. OUT/IN 0.24."
100000005394708100,peripheral,0.345907,21,0.299105,Периферия: 1 входящих и 1 исходящих связей; структурная значимость ниже порогов других ролей.
100000008747113100,terminal,0.91238,5,0.558162,"Признаки конечного узла: depth=1, IN 198k KZT, исходящих контрагентов 0; не boundary depth=4."
100000004491881100,terminal,0.66801,2,0.163849,"Признаки конечного узла: depth=1, IN 17k KZT, исходящих контрагентов 0; не boundary depth=4."
100000006008169100,terminal,0.771963,12,0.22963,"Признаки конечного узла: depth=1, IN 70k KZT, исходящих контрагентов 0; не boundary depth=4."
100000002681449100,consolidator,0.607999,11,0.544334,"Признаки консолидации: 2 плательщиков, IN 95k KZT, охват 7 seed; набл. OUT/IN 1.41."
100000002645609100,terminal,0.976686,1,0.528583,"Признаки конечного узла: depth=1, IN 547k KZT, исходящих контрагентов 0; не boundary depth=4."
100000006369769100,terminal,0.732552,2,0.205933,"Признаки конечного узла: depth=1, IN 40k KZT, исходящих контрагентов 0; не boundary depth=4."
100000002173161100,terminal,0.984189,6,0.653469,"Признаки конечного узла: depth=1, IN 1.43m KZT, исходящих контрагентов 0; не boundary depth=4."
100000008686313100,coordinator,0.839312,1,0.825961,"Кандидат в координаторы: 6→7 связей, охват 7 seed, betweenness 0.0020; межкластерных связей 4."
100000004692798100,consolidator,0.705964,12,0.400682,"Признаки консолидации: 2 плательщиков, IN 240k KZT, охват 1 seed; набл. OUT/IN 0.06."
100000002939838100,terminal,0.971877,6,0.653723,"Признаки конечного узла: depth=1, IN 571k KZT, исходящих контрагентов 0; не boundary depth=4."
100000003119550100,terminal,0.686097,2,0.174591,"Признаки конечного узла: depth=1, IN 21k KZT, исходящих контрагентов 0; не boundary depth=4."
100000004315838100,consolidator,0.776312,3,0.634531,"Признаки консолидации: 2 плательщиков, IN 50k KZT, охват 10 seed; набл. OUT/IN 0.36."
100000002671806100,terminal,0.649923,12,0.149639,"Признаки конечного узла: depth=1, IN 12k KZT, исходящих контрагентов 0; не boundary depth=4."
100000008716222100,terminal,0.673214,2,0.166931,"Признаки конечного узла: depth=1, IN 18k KZT, исходящих контрагентов 0; не boundary depth=4."
100000005496254100,terminal,0.650558,1,0.247759,"Признаки конечного узла: depth=1, IN 13k KZT, исходящих контрагентов 0; не boundary depth=4."
100000004622227100,distributor,0.562727,1,0.571107,"Признаки распределения: 3 получателей, OUT 19k KZT, охват 7 seed; fan-out высокий."
100000000274067100,consolidator,0.565237,7,0.430702,"Признаки консолидации: 2 плательщиков, IN 518k KZT, охват 1 seed; набл. OUT/IN 5.73."
100000008782056100,terminal,0.711228,2,0.190515,"Признаки конечного узла: depth=1, IN 29k KZT, исходящих контрагентов 0; не boundary depth=4."
100000006788200100,consolidator,0.767277,7,0.722135,"Признаки консолидации: 4 плательщиков, IN 272k KZT, охват 7 seed; набл. OUT/IN 0.24."
100000001164648100,terminal,0.73519,20,0.349495,"Признаки конечного узла: depth=1, IN 14k KZT, исходящих контрагентов 0; не boundary depth=4."
100000005133757100,consolidator,0.853949,4,0.520221,"Признаки консолидации: 2 плательщиков, IN 65k KZT, охват 10 seed; набл. OUT/IN 0.00."
100000006445501100,terminal,0.787321,10,0.408227,"Признаки конечного узла: depth=1, IN 91k KZT, исходящих контрагентов 0; не boundary depth=4."
100000004390333100,distributor,0.758471,1,0.733621,"Признаки распределения: 9 получателей, OUT 506k KZT, охват 7 seed; fan-out высокий."
100000001641789100,terminal,0.671881,7,0.427812,"Признаки конечного узла: depth=1, IN 18k KZT, исходящих контрагентов 0; не boundary depth=4."
100000000968253100,terminal,0.658935,2,0.157772,"Признаки конечного узла: depth=1, IN 15k KZT, исходящих контрагентов 0; не boundary depth=4."
100000001527186100,terminal,0.878264,3,0.51679,"Признаки конечного узла: depth=1, IN 678k KZT, исходящих контрагентов 0; не boundary depth=4."
100000005852946100,terminal,0.694093,3,0.376654,"Признаки конечного узла: depth=1, IN 24k KZT, исходящих контрагентов 0; не boundary depth=4."
100000001530983100,distributor,0.793819,6,0.789489,"Признаки распределения: 11 получателей, OUT 1.83m KZT, охват 7 seed; fan-out высокий."
100000008221543100,terminal,0.955789,17,0.500468,"Признаки конечного узла: depth=1, IN 542k KZT, исходящих контрагентов 0; не boundary depth=4."
100000001937767100,distributor,0.813092,15,0.816302,"Признаки распределения: 4 получателей, OUT 1.93m KZT, охват 11 seed; fan-out высокий."
100000002462183100,terminal,0.799506,46,0.273519,"Признаки конечного узла: depth=1, IN 108k KZT, исходящих контрагентов 0; не boundary depth=4."
100000001805543100,terminal,0.763015,6,0.312487,"Признаки конечного узла: depth=1, IN 59k KZT, исходящих контрагентов 0; не boundary depth=4."
100000002606567100,peripheral,0.413367,1,0.409782,Периферия: 1 входящих и 1 исходящих связей; структурная значимость ниже порогов других ролей.
100000007281639100,terminal,0.918218,6,0.469645,"Признаки конечного узла: depth=1, IN 217k KZT, исходящих контрагентов 0; не boundary depth=4."
100000002991079100,consolidator,0.768297,6,0.557476,"Признаки консолидации: 2 плательщиков, IN 149k KZT, охват 7 seed; набл. OUT/IN 0.07."
100000002847207100,terminal,0.741691,3,0.409518,"Признаки конечного узла: depth=1, IN 46k KZT, исходящих контрагентов 0; не boundary depth=4."
100000000011452100,consolidator,0.782392,1,0.562818,"Признаки консолидации: 3 плательщиков, IN 110k KZT, охват 7 seed; набл. OUT/IN 0.15."
100000003148220100,peripheral,0.047642,60,0.315471,Периферия: 1 входящих и 2 исходящих связей; структурная значимость ниже порогов других ролей.
100000002479804100,peripheral,0.396182,3,0.343401,Периферия: 1 входящих и 2 исходящих связей; структурная значимость ниже порогов других ролей.
100000008745489100,terminal,0.760603,2,0.224298,"Признаки конечного узла: depth=1, IN 56k KZT, исходящих контрагентов 0; не boundary depth=4."
100000002289937100,terminal,0.680703,2,0.171574,"Признаки конечного узла: depth=1, IN 20k KZT, исходящих контрагентов 0; не boundary depth=4."
100000004679953100,coordinator,0.789093,4,0.766542,"Кандидат в координаторы: 3→3 связей, охват 7 seed, betweenness 0.0004; межкластерных связей 5."
100000003066385100,terminal,0.762543,1,0.345077,"Признаки конечного узла: depth=1, IN 20k KZT, исходящих контрагентов 0; не boundary depth=4."
100000008744849100,terminal,0.73801,2,0.210244,"Признаки конечного узла: depth=1, IN 44k KZT, исходящих контрагентов 0; не boundary depth=4."
100000005093521100,terminal,0.661156,3,0.355709,"Признаки конечного узла: depth=1, IN 15k KZT, исходящих контрагентов 0; не boundary depth=4."
100000006518161100,consolidator,0.696095,6,0.698663,"Признаки консолидации: 3 плательщиков, IN 594k KZT, охват 7 seed; набл. OUT/IN 1.00."
100000001126374100,consolidator,0.778255,1,0.626058,"Признаки консолидации: 4 плательщиков, IN 182k KZT, охват 7 seed; набл. OUT/IN 0.16."
100000004509286100,terminal,0.732552,3,0.402662,"Признаки конечного узла: depth=1, IN 40k KZT, исходящих контрагентов 0; не boundary depth=4."
100000005056870100,terminal,0.680703,46,0.194734,"Признаки конечного узла: depth=1, IN 20k KZT, исходящих контрагентов 0; не boundary depth=4."
100000008708368100,terminal,0.693459,2,0.179533,"Признаки конечного узла: depth=1, IN 24k KZT, исходящих контрагентов 0; не boundary depth=4."
100000005895525100,terminal,0.805281,46,0.277748,"Признаки конечного узла: depth=1, IN 120k KZT, исходящих контрагентов 0; не boundary depth=4."
100000008716773100,terminal,0.663187,2,0.160679,"Признаки конечного узла: depth=1, IN 16k KZT, исходящих контрагентов 0; не boundary depth=4."
100000002778085100,terminal,0.769361,6,0.317677,"Признаки конечного узла: depth=1, IN 66k KZT, исходящих контрагентов 0; не boundary depth=4."
100000007055802100,consolidator,0.842942,1,0.642889,"Признаки консолидации: 6 плательщиков, IN 2.02m KZT, охват 7 seed; набл. OUT/IN 0.30."
100000003071930100,consolidator,0.901988,8,0.73152,"Признаки консолидации: 3 плательщиков, IN 478k KZT, охват 8 seed; набл. OUT/IN 0.01."
100000002941114100,consolidator,0.81746,10,0.660379,"Признаки консолидации: 2 плательщиков, IN 129k KZT, охват 8 seed; набл. OUT/IN 0.12."
100000003888271100,peripheral,0.396182,44,0.267117,Периферия: 1 входящих и 2 исходящих связей; структурная значимость ниже порогов других ролей.
100000007507343100,terminal,0.859479,53,0.323673,"Признаки конечного узла: depth=1, IN 370k KZT, исходящих контрагентов 0; не boundary depth=4."
100000008002020100,peripheral,0.540775,12,0.336623,Периферия: 1 входящих и 1 исходящих связей; структурная значимость ниже порогов других ролей.
100000001872484100,distributor,0.558734,57,0.434267,"Признаки распределения: 3 получателей, OUT 515k KZT, охват 1 seed; fan-out высокий."
100000008769636100,terminal,0.690793,2,0.177918,"Признаки конечного узла: depth=1, IN 23k KZT, исходящих контрагентов 0; не boundary depth=4."
100000004135268100,transit,0.605279,53,0.455552,"Признаки транзита: OUT/IN 0.81, same-day match 69%, 2→3 контрагентов."
100000005316708100,peripheral,0.396182,7,0.347455,Периферия: 1 входящих и 2 исходящих связей; структурная значимость ниже порогов других ролей.
100000008671929100,terminal,0.775961,3,0.433396,"Признаки конечного узла: depth=1, IN 75k KZT, исходящих контрагентов 0; не boundary depth=4."
100000005287097100,distributor,0.780627,6,0.757163,"Признаки распределения: 9 получателей, OUT 697k KZT, охват 7 seed; fan-out высокий."
100000007283257100,terminal,0.829016,66,0.289198,"Признаки конечного узла: depth=1, IN 192k KZT, исходящих контрагентов 0; не boundary depth=4."
100000004847758100,coordinator,0.804495,3,0.792992,"Кандидат в координаторы: 4→15 связей, охват 7 seed, betweenness 0.0014; межкластерных связей 9."
100000008737422100,terminal,0.777992,2,0.237808,"Признаки конечного узла: depth=1, IN 77k KZT, исходящих контрагентов 0; не boundary depth=4."
100000008555918100,peripheral,0.036633,3,0.640788,Периферия: 1 входящих и 2 исходящих связей; структурная значимость ниже порогов других ролей.
100000008094734100,terminal,0.943178,1,0.606856,"Признаки конечного узла: depth=1, IN 236k KZT, исходящих контрагентов 0; не boundary depth=4."
100000006952718100,terminal,0.77393,6,0.320707,"Признаки конечного узла: depth=1, IN 71k KZT, исходящих контрагентов 0; не boundary depth=4."
100000005339662100,coordinator,0.805515,16,0.783214,"Кандидат в координаторы: 4→4 связей, охват 7 seed, betweenness 0.0001; межкластерных связей 3."
100000001716579100,terminal,0.653731,2,0.154348,"Признаки конечного узла: depth=1, IN 14k KZT, исходящих контрагентов 0; не boundary depth=4."
100000002774456100,terminal,0.753368,10,0.381826,"Признаки конечного узла: depth=1, IN 50k KZT, исходящих контрагентов 0; не boundary depth=4."
100000004394765100,consolidator,0.800272,6,0.685261,"Признаки консолидации: 3 плательщиков, IN 604k KZT, охват 7 seed; набл. OUT/IN 0.14."
100000004004621100,consolidator,0.89166,14,0.575562,"Признаки консолидации: 3 плательщиков, IN 75k KZT, охват 10 seed; набл. OUT/IN 0.00."
100000000907277100,terminal,0.670675,2,0.165258,"Признаки конечного узла: depth=1, IN 18k KZT, исходящих контрагентов 0; не boundary depth=4."
100000003835149100,peripheral,0.208585,24,0.405483,Периферия: 1 входящих и 2 исходящих связей; структурная значимость ниже порогов других ролей.
100000004254434100,terminal,0.73801,2,0.210244,"Признаки конечного узла: depth=1, IN 44k KZT, исходящих контрагентов 0; не boundary depth=4."
100000003635170100,coordinator,0.82131,34,0.820107,"Кандидат в координаторы: 3→4 связей, охват 8 seed, betweenness 0.0002; межкластерных связей 1."
100000006687202100,terminal,0.750576,1,0.313262,"Признаки конечного узла: depth=1, IN 50k KZT, исходящих контрагентов 0; не boundary depth=4."
100000006030946100,terminal,0.774946,2,0.235825,"Признаки конечного узла: depth=1, IN 73k KZT, исходящих контрагентов 0; не boundary depth=4."
100000002615479100,terminal,0.837076,8,0.272867,"Признаки конечного узла: depth=1, IN 220k KZT, исходящих контрагентов 0; не boundary depth=4."
100000002952631100,terminal,0.745245,6,0.301417,"Признаки конечного узла: depth=1, IN 48k KZT, исходящих контрагентов 0; не boundary depth=4."
100000002890167100,terminal,0.804012,6,0.343768,"Признаки конечного узла: depth=1, IN 118k KZT, исходящих контрагентов 0; не boundary depth=4."
100000008687671100,terminal,0.728681,2,0.2029,"Признаки конечного узла: depth=1, IN 38k KZT, исходящих контрагентов 0; не boundary depth=4."
100000000810551100,terminal,0.346827,3,0.668263,"Признаки конечного узла: depth=1, IN 100k KZT, исходящих контрагентов 1; не boundary depth=4."
100000008724279100,terminal,0.646877,6,0.243247,"Признаки конечного узла: depth=1, IN 12k KZT, исходящих контрагентов 0; не boundary depth=4."
100000002592567100,coordinator,0.563879,6,0.595407,"Кандидат в координаторы: 1→2 связей, охват 7 seed, betweenness 0.0007; межкластерных связей 1."
100000002670860100,terminal,0.94849,13,0.41784,"Признаки конечного узла: depth=1, IN 450k KZT, исходящих контрагентов 0; не boundary depth=4."
100000002844897100,terminal,0.644973,8,0.144847,"Признаки конечного узла: depth=1, IN 11k KZT, исходящих контрагентов 0; не boundary depth=4."
100000007938486100,terminal,0.730966,2,0.205178,"Признаки конечного узла: depth=1, IN 40k KZT, исходящих контрагентов 0; не boundary depth=4."
100000008438656100,consolidator,0.830616,3,0.654616,"Признаки консолидации: 2 плательщиков, IN 80k KZT, охват 10 seed; набл. OUT/IN 0.06."
100000008304139100,distributor,0.821864,3,0.814161,"Признаки распределения: 24 получателей, OUT 1.69m KZT, охват 7 seed; fan-out высокий."
100000002597003100,peripheral,0.413367,1,0.389079,Периферия: 1 входящих и 1 исходящих связей; структурная значимость ниже порогов других ролей.
100000002830055100,terminal,0.654429,2,0.154753,"Признаки конечного узла: depth=1, IN 14k KZT, исходящих контрагентов 0; не boundary depth=4."
100000004299488100,consolidator,0.821545,1,0.674723,"Признаки консолидации: 6 плательщиков, IN 1.75m KZT, охват 7 seed; набл. OUT/IN 0.20."
100000002809568100,terminal,0.639261,1,0.241516,"Признаки конечного узла: depth=1, IN 10k KZT, исходящих контрагентов 0; не boundary depth=4."
100000004784224100,peripheral,0.510454,24,0.301706,Периферия: 1 входящих и 1 исходящих связей; структурная значимость ниже порогов других ролей.
100000003123296100,terminal,0.783704,12,0.238969,"Признаки конечного узла: depth=1, IN 86k KZT, исходящих контрагентов 0; не boundary depth=4."
100000004130144100,terminal,0.832507,7,0.259152,"Признаки конечного узла: depth=1, IN 200k KZT, исходящих контрагентов 0; не boundary depth=4."
100000001253557100,consolidator,0.947852,11,0.652144,"Признаки консолидации: 5 плательщиков, IN 210k KZT, охват 10 seed; набл. OUT/IN 0.00."
100000008767925100,terminal,0.66801,2,0.163849,"Признаки конечного узла: depth=1, IN 17k KZT, исходящих контрагентов 0; не boundary depth=4."
100000007181706100,terminal,0.906034,3,0.562851,"Признаки конечного узла: depth=1, IN 176k KZT, исходящих контрагентов 0; не boundary depth=4."
100000003366154100,distributor,0.728605,3,0.727393,"Признаки распределения: 3 получателей, OUT 289k KZT, охват 10 seed; fan-out высокий."
100000007641183100,terminal,0.708944,6,0.276062,"Признаки конечного узла: depth=1, IN 28k KZT, исходящих контрагентов 0; не boundary depth=4."
100000008663007100,terminal,0.654429,2,0.154753,"Признаки конечного узла: depth=1, IN 14k KZT, исходящих контрагентов 0; не boundary depth=4."
100000007334196100,terminal,0.816831,10,0.430436,"Признаки конечного узла: depth=1, IN 150k KZT, исходящих контрагентов 0; не boundary depth=4."
100000003873332100,distributor,0.735006,19,0.678249,"Признаки распределения: 4 получателей, OUT 286k KZT, охват 7 seed; fan-out высокий."
100000001550388100,terminal,0.750576,1,0.313262,"Признаки конечного узла: depth=1, IN 50k KZT, исходящих контрагентов 0; не boundary depth=4."
100000008718089100,terminal,0.662171,2,0.159817,"Признаки конечного узла: depth=1, IN 16k KZT, исходящих контрагентов 0; не boundary depth=4."
100000008728457100,terminal,0.739597,10,0.374121,"Признаки конечного узла: depth=1, IN 45k KZT, исходящих контрагентов 0; не boundary depth=4."
100000004206046100,terminal,0.646242,6,0.242747,"Признаки конечного узла: depth=1, IN 11k KZT, исходящих контрагентов 0; не boundary depth=4."
100000006579678100,distributor,0.774698,6,0.748137,"Признаки распределения: 6 получателей, OUT 1.67m KZT, охват 7 seed; fan-out высокий."
100000002988894100,distributor,0.686028,3,0.739165,"Признаки распределения: 3 получателей, OUT 78k KZT, охват 10 seed; fan-out высокий."
100000008749406100,terminal,0.66801,2,0.163849,"Признаки конечного узла: depth=1, IN 17k KZT, исходящих контрагентов 0; не boundary depth=4."
100000005584222100,consolidator,0.685924,1,0.632612,"Признаки консолидации: 2 плательщиков, IN 193k KZT, охват 7 seed; набл. OUT/IN 0.56."
100000003239859100,terminal,0.674864,12,0.164656,"Признаки конечного узла: depth=1, IN 19k KZT, исходящих контрагентов 0; не boundary depth=4."
100000003980083100,terminal,0.714275,69,0.243038,"Признаки конечного узла: depth=1, IN 30k KZT, исходящих контрагентов 0; не boundary depth=4."
100000004351795100,coordinator,0.816265,1,0.810096,"Кандидат в координаторы: 3→14 связей, охват 7 seed, betweenness 0.0024; межкластерных связей 6."
100000002666248100,terminal,0.773042,3,0.430807,"Признаки конечного узла: depth=1, IN 70k KZT, исходящих контрагентов 0; не boundary depth=4."
100000005877725100,terminal,0.771963,2,0.233634,"Признаки конечного узла: depth=1, IN 70k KZT, исходящих контрагентов 0; не boundary depth=4."
100000001697501100,distributor,0.759913,2,0.642034,"Признаки распределения: 38 получателей, OUT 1.48m KZT, охват 1 seed; fan-out высокий."
100000006972210100,terminal,0.966165,8,0.613453,"Признаки конечного узла: depth=1, IN 489k KZT, исходящих контрагентов 0; не boundary depth=4."
100000008749618100,terminal,0.744483,2,0.214176,"Признаки конечного узла: depth=1, IN 47k KZT, исходящих контрагентов 0; не boundary depth=4."
100000008671026100,terminal,0.692507,2,0.178862,"Признаки конечного узла: depth=1, IN 24k KZT, исходящих контрагентов 0; не boundary depth=4."
100000001696818100,terminal,0.757747,3,0.224515,"Признаки конечного узла: depth=1, IN 54k KZT, исходящих контрагентов 0; не boundary depth=4."
100000008679986100,terminal,0.675752,2,0.168551,"Признаки конечного узла: depth=1, IN 19k KZT, исходящих контрагентов 0; не boundary depth=4."
100000003616818100,consolidator,0.537141,25,0.425866,"Признаки консолидации: 3 плательщиков, IN 78k KZT, охват 1 seed; набл. OUT/IN 3.08."
100000004156082100,coordinator,0.880255,16,0.8591,"Кандидат в координаторы: 5→26 связей, охват 7 seed, betweenness 0.0020; межкластерных связей 8."
100000008667058100,terminal,0.670675,2,0.165258,"Признаки конечного узла: depth=1, IN 18k KZT, исходящих контрагентов 0; не boundary depth=4."
100000008628231100,peripheral,0.036633,67,0.669276,Периферия: 1 входящих и 2 исходящих связей; структурная значимость ниже порогов других ролей.
100000008749063100,terminal,0.675752,2,0.168551,"Признаки конечного узла: depth=1, IN 19k KZT, исходящих контрагентов 0; не boundary depth=4."
100000004494983100,terminal,0.724683,2,0.199683,"Признаки конечного узла: depth=1, IN 35k KZT, исходящих контрагентов 0; не boundary depth=4."
100000007648946100,transit,0.435321,14,0.395927,"Признаки транзита: OUT/IN 1.28, same-day match 0%, 1→1 контрагентов."
100000003037660100,terminal,0.756859,3,0.418556,"Признаки конечного узла: depth=1, IN 53k KZT, исходящих контрагентов 0; не boundary depth=4."
100000002679516100,consolidator,0.905123,12,0.573013,"Признаки консолидации: 3 плательщиков, IN 102k KZT, охват 10 seed; набл. OUT/IN 0.00."
100000005588444100,terminal,0.649542,7,0.145647,"Признаки конечного узла: depth=1, IN 12k KZT, исходящих контрагентов 0; не boundary depth=4."
100000001307612100,terminal,0.72976,2,0.204035,"Признаки конечного узла: depth=1, IN 38k KZT, исходящих контрагентов 0; не boundary depth=4."
100000003001564100,peripheral,0.413367,6,0.436218,Периферия: 1 входящих и 1 исходящих связей; структурная значимость ниже порогов других ролей.
100000002762076100,consolidator,0.697871,7,0.395915,"Признаки консолидации: 2 плательщиков, IN 140k KZT, охват 2 seed; набл. OUT/IN 0.21."
100000005514161100,consolidator,0.912461,7,0.805569,"Признаки консолидации: 4 плательщиков, IN 402k KZT, охват 9 seed; набл. OUT/IN 0.12."
100000008746673100,terminal,0.757303,2,0.221947,"Признаки конечного узла: depth=1, IN 53k KZT, исходящих контрагентов 0; не boundary depth=4."
100000003265158100,transit,0.807647,12,0.79225,"Признаки транзита: OUT/IN 1.06, same-day match 83%, 3→2 контрагентов."
100000001567366100,terminal,0.882452,6,0.414062,"Признаки конечного узла: depth=1, IN 824k KZT, исходящих контрагентов 0; не boundary depth=4."
100000008777088100,terminal,0.673214,2,0.166931,"Признаки конечного узла: depth=1, IN 18k KZT, исходящих контрагентов 0; не boundary depth=4."
100000002589019100,terminal,0.723794,12,0.195748,"Признаки конечного узла: depth=1, IN 35k KZT, исходящих контрагентов 0; не boundary depth=4."
100000008666075100,terminal,0.706151,2,0.186324,"Признаки конечного узла: depth=1, IN 26k KZT, исходящих контрагентов 0; не boundary depth=4."
100000008137435100,distributor,0.766857,23,0.764295,"Признаки распределения: 6 получателей, OUT 1.42m KZT, охват 7 seed; fan-out высокий."
100000004403675100,coordinator,0.86769,21,0.828871,"Кандидат в координаторы: 4→5 связей, охват 7 seed, betweenness 0.0028; межкластерных связей 4."
100000004677680100,consolidator,0.685112,10,0.698831,"Признаки консолидации: 2 плательщиков, IN 63k KZT, охват 8 seed; набл. OUT/IN 2.67."
100000005958064100,peripheral,0.396182,15,0.515252,Периферия: 1 входящих и 2 исходящих связей; структурная значимость ниже порогов других ролей.
100000002881669100,terminal,0.674864,12,0.164656,"Признаки конечного узла: depth=1, IN 19k KZT, исходящих контрагентов 0; не boundary depth=4."
100000002938501100,peripheral,0.413367,6,0.343703,Периферия: 1 входящих и 1 исходящих связей; структурная значимость ниже порогов других ролей.
100000006734554100,peripheral,0.46121,30,0.283876,Периферия: 1 входящих и 1 исходящих связей; структурная значимость ниже порогов других ролей.
100000008003034100,coordinator,0.723068,14,0.696197,"Кандидат в координаторы: 1→4 связей, охват 7 seed, betweenness 0.0020; межкластерных связей 3."
100000003970394100,terminal,0.782942,12,0.238124,"Признаки конечного узла: depth=1, IN 85k KZT, исходящих контрагентов 0; не boundary depth=4."
100000003205210100,terminal,0.810485,3,0.460171,"Признаки конечного узла: depth=1, IN 138k KZT, исходящих контрагентов 0; не boundary depth=4."
100000004559194100,terminal,0.849198,6,0.380679,"Признаки конечного узла: depth=1, IN 282k KZT, исходящих контрагентов 0; не boundary depth=4."
100000008173359100,terminal,0.624284,6,0.232379,"Признаки конечного узла: depth=1, IN 6k KZT, исходящих контрагентов 0; не boundary depth=4."
100000007953156100,transit,0.415801,15,0.54435,"Признаки транзита: OUT/IN 0.56, same-day match 0%, 1→1 контрагентов."
100000002224132100,consolidator,0.649534,24,0.530699,"Признаки консолидации: 5 плательщиков, IN 3.95m KZT, охват 2 seed; набл. OUT/IN 3.07."
100000008547844100,coordinator,0.891103,11,0.898511,"Кандидат в координаторы: 3→19 связей, охват 8 seed, betweenness 0.0018; межкластерных связей 9."
100000002635780100,terminal,0.820385,7,0.485377,"Признаки конечного узла: depth=2, IN 163k KZT, исходящих контрагентов 0; не boundary depth=4."
100000001279875100,terminal,0.747403,13,0.225626,"Признаки конечного узла: depth=2, IN 49k KZT, исходящих контрагентов 0; не boundary depth=4."
100000001961048100,terminal,0.815943,31,0.356212,"Признаки конечного узла: depth=2, IN 150k KZT, исходящих контрагентов 0; не boundary depth=4."
100000000993112100,terminal,0.812833,33,0.453428,"Признаки конечного узла: depth=2, IN 141k KZT, исходящих контрагентов 0; не boundary depth=4."
100000005547096100,peripheral,0.051246,49,0.353882,Периферия: 1 входящих и 2 исходящих связей; структурная значимость ниже порогов других ролей.
100000000331309100,coordinator,0.896386,5,0.874752,"Кандидат в координаторы: 5→99 связей, охват 7 seed, betweenness 0.0046; межкластерных связей 29."
100000006684930100,terminal,0.639261,14,0.368642,"Признаки конечного узла: depth=2, IN 10k KZT, исходящих контрагентов 0; не boundary depth=4."
100000004479404100,consolidator,0.800032,45,0.713602,"Признаки консолидации: 2 плательщиков, IN 1.49m KZT, охват 7 seed; набл. OUT/IN 0.20."
100000004134060100,terminal,0.784846,18,0.424992,"Признаки конечного узла: depth=2, IN 88k KZT, исходящих контрагентов 0; не boundary depth=4."
100000001083990100,terminal,0.748164,12,0.42602,"Признаки конечного узла: depth=2, IN 50k KZT, исходящих контрагентов 0; не boundary depth=4."
100000004573782100,terminal,0.658935,7,0.18992,"Признаки конечного узла: depth=2, IN 15k KZT, исходящих контрагентов 0; не boundary depth=4."
100000005660203100,peripheral,0.046842,6,0.54539,Периферия: 1 входящих и 2 исходящих связей; структурная значимость ниже порогов других ролей.
100000008771627100,terminal,0.666043,2,0.169571,"Признаки конечного узла: depth=2, IN 16k KZT, исходящих контрагентов 0; не boundary depth=4."
100000000031787100,transit,0.424074,7,0.355149,"Признаки транзита: OUT/IN 1.00, same-day match 0%, 1→2 контрагентов."
100000001346560100,consolidator,0.634314,3,0.654783,"Признаки консолидации: 2 плательщиков, IN 10k KZT, охват 11 seed; набл. OUT/IN 2.22."
100000001703168100,peripheral,0.413367,3,0.440774,Периферия: 1 входящих и 1 исходящих связей; структурная значимость ниже порогов других ролей.
100000004904960100,consolidator,0.822902,1,0.527933,"Признаки консолидации: 2 плательщиков, IN 32k KZT, охват 10 seed; набл. OUT/IN 0.00."
100000004467157100,peripheral,0.283452,35,0.363069,Периферия: 1 входящих и 1 исходящих связей; структурная значимость ниже порогов других ролей.
100000008346837100,coordinator,0.883151,14,0.858939,"Кандидат в координаторы: 9→25 связей, охват 7 seed, betweenness 0.0090; межкластерных связей 15."
100000006385877100,transit,0.421742,8,0.335377,"Признаки транзита: OUT/IN 0.68, same-day match 21%, 1→1 контрагентов."
100000002459093100,terminal,0.423617,28,0.370156,"Признаки конечного узла: depth=2, IN 500k KZT, исходящих контрагентов 1; не boundary depth=4."
100000005053653100,consolidator,0.69851,14,0.513198,"Признаки консолидации: 2 плательщиков, IN 63k KZT, охват 7 seed; набл. OUT/IN 0.40."
100000001557930100,terminal,0.723667,7,0.197567,"Признаки конечного узла: depth=2, IN 35k KZT, исходящих контрагентов 0; не boundary depth=4."
100000002820010100,terminal,0.714275,7,0.190871,"Признаки конечного узла: depth=2, IN 30k KZT, исходящих контрагентов 0; не boundary depth=4."
100000000769919100,terminal,0.843676,62,0.317059,"Признаки конечного узла: depth=2, IN 250k KZT, исходящих контрагентов 0; не boundary depth=4."
100000003188607100,peripheral,0.43919,7,0.267148,Периферия: 1 входящих и 1 исходящих связей; структурная значимость ниже порогов других ролей.
100000002836052100,terminal,0.658935,3,0.3923,"Признаки конечного узла: depth=2, IN 15k KZT, исходящих контрагентов 0; не boundary depth=4."
100000001102676100,transit,0.806831,3,0.603352,"Признаки транзита: OUT/IN 1.00, same-day match 100%, 1→1 контрагентов."
100000003390036100,consolidator,0.817736,10,0.787675,"Признаки консолидации: 2 плательщиков, IN 231k KZT, охват 11 seed; набл. OUT/IN 0.27."
100000008335401100,terminal,0.815943,9,0.482017,"Признаки конечного узла: depth=2, IN 150k KZT, исходящих контрагентов 0; не boundary depth=4."
100000006994985100,terminal,0.298214,7,0.482625,"Признаки конечного узла: depth=2, IN 48k KZT, исходящих контрагентов 1; не boundary depth=4."
100000008356606100,terminal,0.90451,14,0.472871,"Признаки конечного узла: depth=2, IN 168k KZT, исходящих контрагентов 0; не boundary depth=4."
100000007930878100,terminal,0.615462,44,0.198349,"Признаки конечного узла: depth=2, IN 5k KZT, исходящих контрагентов 0; не boundary depth=4."
100000008389800100,coordinator,0.771154,6,0.760232,"Кандидат в координаторы: 3→7 связей, охват 7 seed, betweenness 0.0002; межкластерных связей 2."
100000005474472100,terminal,0.794492,24,0.285684,"Признаки конечного узла: depth=2, IN 100k KZT, исходящих контрагентов 0; не boundary depth=4."
100000004486525100,consolidator,0.738209,1,0.627839,"Признаки консолидации: 8 плательщиков, IN 361k KZT, охват 7 seed; набл. OUT/IN 0.75."
100000003031890100,terminal,0.835997,25,0.29279,"Признаки конечного узла: depth=2, IN 215k KZT, исходящих контрагентов 0; не boundary depth=4."
100000008624978100,terminal,0.800267,18,0.434758,"Признаки конечного узла: depth=2, IN 109k KZT, исходящих контрагентов 0; не boundary depth=4."
100000000790311100,terminal,0.741818,16,0.316885,"Признаки конечного узла: depth=2, IN 46k KZT, исходящих контрагентов 0; не boundary depth=4."
100000008546855100,consolidator,0.75482,19,0.706611,"Признаки консолидации: 6 плательщиков, IN 72k KZT, охват 7 seed; набл. OUT/IN 0.14."
100000002863356100,peripheral,0.540775,2,0.308614,Периферия: 1 входящих и 1 исходящих связей; структурная значимость ниже порогов других ролей.
100000000332284100,consolidator,0.656388,5,0.772647,"Признаки консолидации: 10 плательщиков, IN 107k KZT, охват 7 seed; набл. OUT/IN 2.69."
100000002605308100,terminal,0.987235,15,0.646888,"Признаки конечного узла: depth=2, IN 2.57m KZT, исходящих контрагентов 0; не boundary depth=4."
100000005931985100,terminal,0.777421,13,0.245774,"Признаки конечного узла: depth=2, IN 76k KZT, исходящих контрагентов 0; не boundary depth=4."
100000001166289100,consolidator,0.73361,2,0.418279,"Признаки консолидации: 2 плательщиков, IN 721k KZT, охват 1 seed; набл. OUT/IN 0.03."
100000008477350100,coordinator,0.89114,1,0.868863,"Кандидат в координаторы: 11→39 связей, охват 7 seed, betweenness 0.0025; межкластерных связей 13."
100000003824464100,terminal,0.832507,23,0.375976,"Признаки конечного узла: depth=2, IN 200k KZT, исходящих контрагентов 0; не boundary depth=4."
100000002738256100,transit,0.425151,53,0.345559,"Признаки транзита: OUT/IN 1.17, same-day match 0%, 1→1 контрагентов."
100000001857829100,coordinator,0.868693,4,0.850549,"Кандидат в координаторы: 6→16 связей, охват 7 seed, betweenness 0.0020; межкластерных связей 7."
100000008672762100,terminal,0.651573,2,0.159361,"Признаки конечного узла: depth=2, IN 13k KZT, исходящих контрагентов 0; не boundary depth=4."
100000001737722100,terminal,0.765045,3,0.41218,"Признаки конечного узла: depth=2, IN 60k KZT, исходящих контрагентов 0; не boundary depth=4."
100000005572303100,peripheral,0.409432,6,0.514504,Периферия: 1 входящих и 1 исходящих связей; структурная значимость ниже порогов других ролей.
100000008733049100,terminal,0.639261,16,0.2465,"Признаки конечного узла: depth=2, IN 10k KZT, исходящих контрагентов 0; не boundary depth=4."
100000000850297100,transit,0.707666,10,0.266493,"Признаки транзита: OUT/IN 1.00, same-day match 100%, 1→1 контрагентов."
100000005140601100,consolidator,0.618906,4,0.613998,"Признаки консолидации: 3 плательщиков, IN 53k KZT, охват 7 seed; набл. OUT/IN 3.71."
100000004410489100,terminal,0.758572,3,0.335528,"Признаки конечного узла: depth=2, IN 54k KZT, исходящих контрагентов 0; не boundary depth=4."
100000006852430100,terminal,0.727792,10,0.457594,"Признаки конечного узла: depth=2, IN 37k KZT, исходящих контрагентов 0; не boundary depth=4."
100000003166755100,terminal,0.695743,3,0.273937,"Признаки конечного узла: depth=2, IN 24k KZT, исходящих контрагентов 0; не boundary depth=4."
100000008258083100,consolidator,0.715416,31,0.696356,"Признаки консолидации: 2 плательщиков, IN 3.15m KZT, охват 7 seed; набл. OUT/IN 0.65."
100000003054328100,transit,0.522007,13,0.37101,"Признаки транзита: OUT/IN 1.38, same-day match 72%, 1→2 контрагентов."
100000008473207100,terminal,0.83403,3,0.511868,"Признаки конечного узла: depth=2, IN 202k KZT, исходящих контрагентов 0; не boundary depth=4."
100000008104567100,coordinator,0.83601,9,0.76815,"Кандидат в координаторы: 3→3 связей, охват 7 seed, betweenness 0.0020; межкластерных связей 3."
100000002721825100,terminal,0.645671,1,0.311313,"Признаки конечного узла: depth=2, IN 11k KZT, исходящих контрагентов 0; не boundary depth=4."
100000003509750100,transit,0.686778,7,0.43934,"Признаки транзита: OUT/IN 0.95, same-day match 61%, 3→3 контрагентов."
100000007322059100,consolidator,0.676229,33,0.65623,"Признаки консолидации: 2 плательщиков, IN 29k KZT, охват 8 seed; набл. OUT/IN 0.78."
100000004441291100,terminal,0.680703,3,0.430737,"Признаки конечного узла: depth=2, IN 20k KZT, исходящих контрагентов 0; не boundary depth=4."
100000006122699100,terminal,0.822897,12,0.437633,"Признаки конечного узла: depth=2, IN 46k KZT, исходящих контрагентов 0; не boundary depth=4."
100000008254069100,distributor,0.740292,21,0.72528,"Признаки распределения: 5 получателей, OUT 108k KZT, охват 8 seed; fan-out высокий."
100000003336565100,terminal,0.666423,2,0.169853,"Признаки конечного узла: depth=2, IN 17k KZT, исходящих контрагентов 0; не boundary depth=4."
100000002492277100,terminal,0.810929,3,0.355909,"Признаки конечного узла: depth=2, IN 138k KZT, исходящих контрагентов 0; не boundary depth=4."
100000001339466100,terminal,0.714275,3,0.395747,"Признаки конечного узла: depth=2, IN 30k KZT, исходящих контрагентов 0; не boundary depth=4."
100000005022964100,terminal,0.680703,3,0.405755,"Признаки конечного узла: depth=2, IN 20k KZT, исходящих контрагентов 0; не boundary depth=4."
100000003112436100,terminal,0.794492,6,0.344216,"Признаки конечного узла: depth=2, IN 100k KZT, исходящих контрагентов 0; не boundary depth=4."
100000000489417100,consolidator,0.663989,14,0.576573,"Признаки консолидации: 3 плательщиков, IN 74k KZT, охват 7 seed; набл. OUT/IN 1.09."
100000002217161100,distributor,0.76294,36,0.75171,"Признаки распределения: 7 получателей, OUT 995k KZT, охват 7 seed; fan-out высокий."
100000002469065100,terminal,0.832507,6,0.373914,"Признаки конечного узла: depth=2, IN 200k KZT, исходящих контрагентов 0; не boundary depth=4."
100000007337374100,terminal,0.680703,2,0.1787,"Признаки конечного узла: depth=2, IN 20k KZT, исходящих контрагентов 0; не boundary depth=4."
100000003249054100,consolidator,0.799616,3,0.690424,"Признаки консолидации: 7 плательщиков, IN 100k KZT, охват 7 seed; набл. OUT/IN 0.15."
100000003024542100,terminal,0.631138,3,0.380741,"Признаки конечного узла: depth=2, IN 8k KZT, исходящих контрагентов 0; не boundary depth=4."
100000002718366100,terminal,0.996614,8,0.692186,"Признаки конечного узла: depth=2, IN 2.52m KZT, исходящих контрагентов 0; не boundary depth=4."
100000005059998100,terminal,0.673214,1,0.279751,"Признаки конечного узла: depth=2, IN 18k KZT, исходящих контрагентов 0; не boundary depth=4."
100000004071070100,consolidator,0.708073,1,0.451711,"Признаки консолидации: 2 плательщиков, IN 41k KZT, охват 7 seed; набл. OUT/IN 0.15."
100000001584286100,terminal,0.962135,13,0.566263,"Признаки конечного узла: depth=2, IN 739k KZT, исходящих контрагентов 0; не boundary depth=4."
100000008701256100,terminal,0.762634,1,0.330207,"Признаки конечного узла: depth=2, IN 58k KZT, исходящих контрагентов 0; не boundary depth=4."
100000001490461100,terminal,0.233037,9,0.54099,"Признаки конечного узла: depth=2, IN 20k KZT, исходящих контрагентов 1; не boundary depth=4."
100000008531186100,terminal,0.80636,3,0.46007,"Признаки конечного узла: depth=2, IN 125k KZT, исходящих контрагентов 0; не boundary depth=4."
100000004765639100,peripheral,0.31468,1,0.366015,Периферия: 1 входящих и 2 исходящих связей; структурная значимость ниже порогов других ролей.
100000002983879100,terminal,0.915426,3,0.564098,"Признаки конечного узла: depth=2, IN 200k KZT, исходящих контрагентов 0; не boundary depth=4."
100000008734364100,terminal,0.705453,2,0.193786,"Признаки конечного узла: depth=2, IN 26k KZT, исходящих контрагентов 0; не boundary depth=4."
100000003192220100,terminal,0.763966,55,0.362696,"Признаки конечного узла: depth=2, IN 60k KZT, исходящих контрагентов 0; не boundary depth=4."
100000008060273100,terminal,0.639261,3,0.376556,"Признаки конечного узла: depth=2, IN 10k KZT, исходящих контрагентов 0; не boundary depth=4."
100000008205937100,terminal,0.724683,14,0.426739,"Признаки конечного узла: depth=2, IN 35k KZT, исходящих контрагентов 0; не boundary depth=4."
100000005507142100,consolidator,0.521393,38,0.445314,"Признаки консолидации: 3 плательщиков, IN 51k KZT, охват 1 seed; набл. OUT/IN 1.96."
100000005539910100,peripheral,0.036633,3,0.658029,Периферия: 1 входящих и 2 исходящих связей; структурная значимость ниже порогов других ролей.
100000002459163100,terminal,0.68432,57,0.216946,"Признаки конечного узла: depth=2, IN 20k KZT, исходящих контрагентов 0; не boundary depth=4."
100000004666651100,terminal,0.86481,67,0.510969,"Признаки конечного узла: depth=2, IN 429k KZT, исходящих контрагентов 0; не boundary depth=4."
100000003927792100,terminal,0.652208,16,0.25602,"Признаки конечного узла: depth=2, IN 13k KZT, исходящих контрагентов 0; не boundary depth=4."
100000000607941100,consolidator,0.615793,6,0.611271,"Признаки консолидации: 2 плательщиков, IN 50k KZT, охват 7 seed; набл. OUT/IN 1.40."
100000004158362100,terminal,0.647765,1,0.259246,"Признаки конечного узла: depth=2, IN 12k KZT, исходящих контрагентов 0; не boundary depth=4."
100000005664922100,distributor,0.538526,24,0.472914,"Признаки распределения: 3 получателей, OUT 537k KZT, охват 1 seed; fan-out высокий."
100000007594394100,consolidator,0.814449,19,0.804126,"Признаки консолидации: 6 плательщиков, IN 395k KZT, охват 9 seed; набл. OUT/IN 8.54."
100000000979567100,terminal,0.639261,2,0.210808,"Признаки конечного узла: depth=2, IN 10k KZT, исходящих контрагентов 0; не boundary depth=4."
100000002831727100,peripheral,0.413367,19,0.423643,Периферия: 1 входящих и 1 исходящих связей; структурная значимость ниже порогов других ролей.
100000003062895100,terminal,0.936496,11,0.581266,"Признаки конечного узла: depth=2, IN 328k KZT, исходящих контрагентов 0; не boundary depth=4."
100000008376089100,terminal,0.80966,31,0.351641,"Признаки конечного узла: depth=2, IN 135k KZT, исходящих контрагентов 0; не boundary depth=4."
100000003219438100,terminal,0.719986,35,0.338689,"Признаки конечного узла: depth=2, IN 32k KZT, исходящих контрагентов 0; не boundary depth=4."
100000000967918100,terminal,0.686922,1,0.325633,"Признаки конечного узла: depth=2, IN 21k KZT, исходящих контрагентов 0; не boundary depth=4."
100000003254723100,terminal,0.84704,3,0.505353,"Признаки конечного узла: depth=2, IN 270k KZT, исходящих контрагентов 0; не boundary depth=4."
100000003823811100,distributor,0.630838,21,0.647449,"Признаки распределения: 3 получателей, OUT 66k KZT, охват 7 seed; fan-out высокий."
100000008587459100,consolidator,0.631254,1,0.537225,"Признаки консолидации: 2 плательщиков, IN 182k KZT, охват 7 seed; набл. OUT/IN 3.78."
100000008603331100,coordinator,0.752347,11,0.74883,"Кандидат в координаторы: 2→6 связей, охват 7 seed, betweenness 0.0002; межкластерных связей 2."
100000008758168100,distributor,0.779584,18,0.789625,"Признаки распределения: 5 получателей, OUT 1.53m KZT, охват 9 seed; fan-out высокий."
100000003724440100,terminal,0.832416,3,0.419178,"Признаки конечного узла: depth=2, IN 50k KZT, исходящих контрагентов 0; не boundary depth=4."
100000000291906100,transit,0.690183,50,0.703813,"Признаки транзита: OUT/IN 1.17, same-day match 35%, 2→2 контрагентов."
100000005077484100,peripheral,0.151735,30,0.342954,Периферия: 1 входящих и 2 исходящих связей; структурная значимость ниже порогов других ролей.
100000004192107100,terminal,0.699361,3,0.366122,"Признаки конечного узла: depth=2, IN 25k KZT, исходящих контрагентов 0; не boundary depth=4."
100000002193259100,transit,0.729105,12,0.717327,"Признаки транзита: OUT/IN 1.21, same-day match 69%, 2→3 контрагентов."
100000005481280100,distributor,0.598613,16,0.573428,"Признаки распределения: 3 получателей, OUT 50k KZT, охват 7 seed; fan-out высокий."
100000004527381100,terminal,0.357108,16,0.634249,"Признаки конечного узла: depth=2, IN 119k KZT, исходящих контрагентов 1; не boundary depth=4."
100000001578517100,terminal,0.714275,6,0.285976,"Признаки конечного узла: depth=2, IN 30k KZT, исходящих контрагентов 0; не boundary depth=4."
100000003741418100,consolidator,0.755976,5,0.730644,"Признаки консолидации: 9 плательщиков, IN 152k KZT, охват 7 seed; набл. OUT/IN 0.26."
100000008737514100,terminal,0.782942,16,0.345899,"Признаки конечного узла: depth=2, IN 85k KZT, исходящих контрагентов 0; не boundary depth=4."
100000002870463100,consolidator,0.81646,7,0.613662,"Признаки консолидации: 3 плательщиков, IN 207k KZT, охват 7 seed; набл. OUT/IN 0.05."
100000008545727100,distributor,0.852054,9,0.788846,"Признаки распределения: 6 получателей, OUT 1.87m KZT, охват 9 seed; fan-out высокий."
100000000425407100,terminal,0.680703,3,0.293322,"Признаки конечного узла: depth=2, IN 20k KZT, исходящих контрагентов 0; не boundary depth=4."
100000001418900100,terminal,0.733821,2,0.21402,"Признаки конечного узла: depth=2, IN 40k KZT, исходящих контрагентов 0; не boundary depth=4."
100000001677929100,consolidator,0.570376,7,0.437508,"Признаки консолидации: 3 плательщиков, IN 127k KZT, охват 1 seed; набл. OUT/IN 2.26."
100000002539625100,terminal,0.789796,11,0.44871,"Признаки конечного узла: depth=2, IN 95k KZT, исходящих контрагентов 0; не boundary depth=4."
100000001965374100,consolidator,0.5756,24,0.461772,"Признаки консолидации: 2 плательщиков, IN 1.76m KZT, охват 1 seed; набл. OUT/IN 1.75."
100000001287955100,distributor,0.681311,13,0.62445,"Признаки распределения: 4 получателей, OUT 310k KZT, охват 1 seed; fan-out высокий."
100000005402643100,peripheral,0.540775,8,0.31346,Периферия: 1 входящих и 1 исходящих связей; структурная значимость ниже порогов других ролей.
100000008752616100,distributor,0.816695,8,0.828534,"Признаки распределения: 7 получателей, OUT 1.26m KZT, охват 9 seed; fan-out высокий."
100000000733373100,terminal,0.644719,6,0.278,"Признаки конечного узла: depth=2, IN 11k KZT, исходящих контрагентов 0; не boundary depth=4."
100000008531133100,distributor,0.627856,6,0.609865,"Признаки распределения: 3 получателей, OUT 158k KZT, охват 7 seed; fan-out высокий."
100000005933757100,coordinator,0.892847,15,0.870099,"Кандидат в координаторы: 4→34 связей, охват 7 seed, betweenness 0.0039; межкластерных связей 11."
100000006490557100,peripheral,0.640775,7,0.133461,Периферия: 1 входящих и 0 исходящих связей; структурная значимость ниже порогов других ролей.
100000008497298100,terminal,0.876804,8,0.307879,"Признаки конечного узла: depth=2, IN 600k KZT, исходящих контрагентов 0; не boundary depth=4."
100000005168487100,terminal,0.211269,10,0.495286,"Признаки конечного узла: depth=2, IN 15k KZT, исходящих контрагентов 1; не boundary depth=4."
100000005799271100,terminal,0.739597,10,0.426327,"Признаки конечного узла: depth=2, IN 45k KZT, исходящих контрагентов 0; не boundary depth=4."
100000000912487100,terminal,0.639261,3,0.34426,"Признаки конечного узла: depth=2, IN 10k KZT, исходящих контрагентов 0; не boundary depth=4."
100000007982908100,terminal,0.718209,2,0.202597,"Признаки конечного узла: depth=2, IN 31k KZT, исходящих контрагентов 0; не boundary depth=4."
100000005413948100,consolidator,0.761452,11,0.644064,"Признаки консолидации: 2 плательщиков, IN 28k KZT, охват 9 seed; набл. OUT/IN 0.18."
100000000724540100,transit,0.399135,18,0.560634,"Признаки транзита: OUT/IN 2.00, same-day match 0%, 1→1 контрагентов."
100000005730108100,terminal,0.629742,1,0.290146,"Признаки конечного узла: depth=2, IN 8k KZT, исходящих контрагентов 0; не boundary depth=4."
100000002566204100,terminal,0.780023,10,0.252597,"Признаки конечного узла: depth=2, IN 81k KZT, исходящих контрагентов 0; не boundary depth=4."
100000000625169100,peripheral,0.640775,2,0.150601,Периферия: 1 входящих и 0 исходящих связей; структурная значимость ниже порогов других ролей.
100000001114385100,terminal,0.711482,3,0.283831,"Признаки конечного узла: depth=2, IN 30k KZT, исходящих контрагентов 0; не boundary depth=4."
100000002964966100,terminal,0.832507,3,0.460031,"Признаки конечного узла: depth=2, IN 200k KZT, исходящих контрагентов 0; не boundary depth=4."
100000008771814100,terminal,0.69384,2,0.187227,"Признаки конечного узла: depth=2, IN 24k KZT, исходящих контрагентов 0; не boundary depth=4."
100000001241318100,terminal,0.756859,1,0.361131,"Признаки конечного узла: depth=2, IN 53k KZT, исходящих контрагентов 0; не boundary depth=4."
100000001250022100,terminal,0.750576,7,0.216115,"Признаки конечного узла: depth=2, IN 50k KZT, исходящих контрагентов 0; не boundary depth=4."
100000006534886100,terminal,0.326391,6,0.445959,"Признаки конечного узла: depth=2, IN 72k KZT, исходящих контрагентов 1; не boundary depth=4."
100000008655035100,terminal,0.714275,7,0.281499,"Признаки конечного узла: depth=2, IN 30k KZT, исходящих контрагентов 0; не boundary depth=4."
100000005932987100,terminal,0.699361,35,0.326647,"Признаки конечного узла: depth=2, IN 25k KZT, исходящих контрагентов 0; не boundary depth=4."
100000008636603100,coordinator,0.82759,12,0.783643,"Кандидат в координаторы: 2→6 связей, охват 7 seed, betweenness 0.0035; межкластерных связей 5."
100000008710843100,distributor,0.858779,18,0.858697,"Признаки распределения: 13 получателей, OUT 1.99m KZT, охват 8 seed; fan-out высокий."
100000000917179100,terminal,0.789288,15,0.37023,"Признаки конечного узла: depth=2, IN 94k KZT, исходящих контрагентов 0; не boundary depth=4."
100000004209339100,transit,0.406586,34,0.650346,"Признаки транзита: OUT/IN 1.72, same-day match 11%, 1→2 контрагентов."
100000008765627100,terminal,0.763966,7,0.225574,"Признаки конечного узла: depth=2, IN 60k KZT, исходящих контрагентов 0; не boundary depth=4."
100000002443664100,terminal,0.971115,13,0.631701,"Признаки конечного узла: depth=2, IN 557k KZT, исходящих контрагентов 0; не boundary depth=4."
100000008144528100,terminal,0.989592,6,0.598646,"Признаки конечного узла: depth=2, IN 1.07m KZT, исходящих контрагентов 0; не boundary depth=4."
100000003988112100,transit,0.402448,21,0.425633,"Признаки транзита: OUT/IN 0.70, same-day match 11%, 1→1 контрагентов."
100000008008463100,terminal,0.758699,7,0.221383,"Признаки конечного узла: depth=2, IN 54k KZT, исходящих контрагентов 0; не boundary depth=4."
100000006679055100,terminal,0.699361,3,0.385713,"Признаки конечного узла: depth=2, IN 25k KZT, исходящих контрагентов 0; не boundary depth=4."
100000007382543100,coordinator,0.770629,29,0.754804,"Кандидат в координаторы: 3→5 связей, охват 7 seed, betweenness 0.0002; межкластерных связей 1."
100000007749092100,terminal,0.18068,6,0.410601,"Признаки конечного узла: depth=2, IN 8k KZT, исходящих контрагентов 1; не boundary depth=4."
100000004221668100,consolidator,0.661888,28,0.507726,"Признаки консолидации: 4 плательщиков, IN 1.13m KZT, охват 1 seed; набл. OUT/IN 0.65."
100000008174521100,terminal,0.781038,6,0.366841,"Признаки конечного узла: depth=2, IN 82k KZT, исходящих контрагентов 0; не boundary depth=4."
100000002692750100,consolidator,0.719476,7,0.59369,"Признаки консолидации: 3 плательщиков, IN 113k KZT, охват 7 seed; набл. OUT/IN 0.68."
100000002173070100,terminal,0.714275,6,0.285976,"Признаки конечного узла: depth=2, IN 30k KZT, исходящих контрагентов 0; не boundary depth=4."
100000005911352100,distributor,0.548214,39,0.611451,"Признаки распределения: 3 получателей, OUT 24k KZT, охват 7 seed; fan-out высокий."
100000003068941100,consolidator,0.761009,1,0.595557,"Признаки консолидации: 3 плательщиков, IN 94k KZT, охват 7 seed; набл. OUT/IN 0.27."
100000001420847100,terminal,0.680703,19,0.29156,"Признаки конечного узла: depth=2, IN 20k KZT, исходящих контрагентов 0; не boundary depth=4."
100000005602999100,peripheral,0.147331,34,0.553252,Периферия: 1 входящих и 2 исходящих связей; структурная значимость ниже порогов других ролей.
100000000723383100,coordinator,0.631504,22,0.651639,"Кандидат в координаторы: 1→2 связей, охват 7 seed, betweenness 0.0002; межкластерных связей 1."
100000006977207100,distributor,0.758401,4,0.607408,"Признаки распределения: 15 получателей, OUT 4.16m KZT, охват 1 seed; fan-out высокий."
100000001273783100,terminal,0.691047,10,0.191375,"Признаки конечного узла: depth=2, IN 23k KZT, исходящих контрагентов 0; не boundary depth=4."
100000000201868100,transit,0.467666,55,0.464119,"Признаки транзита: OUT/IN 1.00, same-day match 0%, 1→1 контрагентов."
100000007777377100,peripheral,0.186311,6,0.672196,Периферия: 1 входящих и 2 исходящих связей; структурная значимость ниже порогов других ролей.
100000004192865100,terminal,0.769615,30,0.275099,"Признаки конечного узла: depth=2, IN 67k KZT, исходящих контрагентов 0; не boundary depth=4."
100000006901046100,terminal,0.329438,6,0.423289,"Признаки конечного узла: depth=2, IN 76k KZT, исходящих контрагентов 1; не boundary depth=4."
100000000437046100,coordinator,0.883461,1,0.864257,"Кандидат в координаторы: 9→42 связей, охват 7 seed, betweenness 0.0022; межкластерных связей 11."
100000008765494100,terminal,0.695045,2,0.188063,"Признаки конечного узла: depth=2, IN 24k KZT, исходящих контрагентов 0; не boundary depth=4."
100000008713270100,distributor,0.532399,7,0.346097,"Признаки распределения: 3 получателей, OUT 190k KZT, охват 1 seed; fan-out высокий."
100000003603979100,terminal,0.821083,25,0.302347,"Признаки конечного узла: depth=2, IN 165k KZT, исходящих контрагентов 0; не boundary depth=4."
100000000943371100,terminal,0.661791,14,0.386116,"Признаки конечного узла: depth=2, IN 16k KZT, исходящих контрагентов 0; не boundary depth=4."
100000008672480100,terminal,0.651573,2,0.159361,"Признаки конечного узла: depth=2, IN 13k KZT, исходящих контрагентов 0; не boundary depth=4."
100000008691168100,terminal,0.695045,2,0.188063,"Признаки конечного узла: depth=2, IN 24k KZT, исходящих контрагентов 0; не boundary depth=4."
100000003237045100,terminal,0.40864,6,0.442374,"Признаки конечного узла: depth=2, IN 340k KZT, исходящих контрагентов 1; не boundary depth=4."
100000008736394100,terminal,0.664583,2,0.168229,"Признаки конечного узла: depth=2, IN 16k KZT, исходящих контрагентов 0; не boundary depth=4."
100000004160650100,distributor,0.65576,25,0.462053,"Признаки распределения: 10 получателей, OUT 1.49m KZT, охват 1 seed; fan-out высокий."
100000000629812100,consolidator,0.802503,56,0.483419,"Признаки консолидации: 2 плательщиков, IN 22k KZT, охват 10 seed; набл. OUT/IN 0.00."
100000000955444100,terminal,0.625934,44,0.190449,"Признаки конечного узла: depth=2, IN 7k KZT, исходящих контрагентов 0; не boundary depth=4."
100000008731444100,distributor,0.761623,1,0.763525,"Признаки распределения: 9 получателей, OUT 880k KZT, охват 7 seed; fan-out высокий."
100000008413748100,coordinator,0.826614,17,0.815891,"Кандидат в координаторы: 2→18 связей, охват 7 seed, betweenness 0.0006; межкластерных связей 9."
100000006787636100,terminal,0.680703,55,0.311939,"Признаки конечного узла: depth=2, IN 20k KZT, исходящих контрагентов 0; не boundary depth=4."
100000005942793100,terminal,0.862325,1,0.465531,"Признаки конечного узла: depth=2, IN 55k KZT, исходящих контрагентов 0; не boundary depth=4."
100000008730846100,coordinator,0.782578,10,0.855765,"Кандидат в координаторы: 7→3 связей, охват 8 seed, betweenness 0.0001; межкластерных связей 7."
100000002570206100,terminal,0.903749,17,0.460658,"Признаки конечного узла: depth=2, IN 167k KZT, исходящих контрагентов 0; не boundary depth=4."
100000000785800100,transit,0.707666,57,0.300559,"Признаки транзита: OUT/IN 1.00, same-day match 100%, 1→1 контрагентов."
100000007382152100,terminal,0.62238,1,0.232387,"Признаки конечного узла: depth=2, IN 6k KZT, исходящих контрагентов 0; не boundary depth=4."
100000000910216100,transit,0.567393,3,0.639144,"Признаки транзита: OUT/IN 0.73, same-day match 0%, 1→1 контрагентов."
100000003131016100,terminal,0.415621,1,0.469754,"Признаки конечного узла: depth=2, IN 406k KZT, исходящих контрагентов 1; не boundary depth=4."
100000003221384100,terminal,0.872679,16,0.414774,"Признаки конечного узла: depth=2, IN 511k KZT, исходящих контрагентов 0; не boundary depth=4."
100000002156381100,consolidator,0.761492,34,0.680829,"Признаки консолидации: 2 плательщиков, IN 61k KZT, охват 8 seed; набл. OUT/IN 0.36."
100000002779485100,terminal,0.787321,4,0.379882,"Признаки конечного узла: depth=2, IN 91k KZT, исходящих контрагентов 0; не boundary depth=4."
100000008774237100,peripheral,0.47282,25,0.283088,Периферия: 1 входящих и 1 исходящих связей; структурная значимость ниже порогов других ролей.
100000002628146100,terminal,0.717194,33,0.389474,"Признаки конечного узла: depth=2, IN 30k KZT, исходящих контрагентов 0; не boundary depth=4."
100000002852402100,terminal,0.759841,16,0.34148,"Признаки конечного узла: depth=2, IN 55k KZT, исходящих контрагентов 0; не boundary depth=4."
100000006989106100,terminal,0.767013,7,0.266447,"Признаки конечного узла: depth=2, IN 64k KZT, исходящих контрагентов 0; не boundary depth=4."
100000002958343100,peripheral,0.095685,7,0.383343,Периферия: 1 входящих и 2 исходящих связей; структурная значимость ниже порогов других ролей.
100000008461532100,distributor,0.793534,27,0.768187,"Признаки распределения: 8 получателей, OUT 2.53m KZT, охват 7 seed; fan-out высокий."
100000004400305100,coordinator,0.856716,1,0.845864,"Кандидат в координаторы: 7→82 связей, охват 7 seed, betweenness 0.0026; межкластерных связей 22."
100000000297649100,transit,0.337637,12,0.497967,"Признаки транзита: OUT/IN 1.76, same-day match 0%, 1→1 контрагентов."
100000003191430100,terminal,0.825145,6,0.394876,"Признаки конечного узла: depth=2, IN 180k KZT, исходящих контрагентов 0; не boundary depth=4."
100000003275398100,terminal,0.40407,25,0.339799,"Признаки конечного узла: depth=2, IN 300k KZT, исходящих контрагентов 1; не boundary depth=4."
100000005203590100,terminal,0.786179,7,0.243502,"Признаки конечного узла: depth=2, IN 90k KZT, исходящих контрагентов 0; не boundary depth=4."
100000008672603100,terminal,0.686922,3,0.358582,"Признаки конечного узла: depth=2, IN 21k KZT, исходящих контрагентов 0; не boundary depth=4."
100000000718427100,peripheral,0.640775,2,0.139847,Периферия: 1 входящих и 0 исходящих связей; структурная значимость ниже порогов других ролей.
100000003104347100,terminal,0.416255,23,0.503384,"Признаки конечного узла: depth=2, IN 418k KZT, исходящих контрагентов 1; не boundary depth=4."
100000002974256100,terminal,0.627838,12,0.207069,"Признаки конечного узла: depth=2, IN 7k KZT, исходящих контрагентов 0; не boundary depth=4."
100000007173936100,terminal,0.639261,31,0.239874,"Признаки конечного узла: depth=2, IN 10k KZT, исходящих контрагентов 0; не boundary depth=4."
100000002744581100,terminal,0.647765,7,0.193027,"Признаки конечного узла: depth=2, IN 12k KZT, исходящих контрагентов 0; не boundary depth=4."
100000000596954100,peripheral,0.036633,3,0.666958,Периферия: 1 входящих и 2 исходящих связей; структурная значимость ниже порогов других ролей.
100000004950490100,terminal,0.639261,7,0.190751,"Признаки конечного узла: depth=2, IN 10k KZT, исходящих контрагентов 0; не boundary depth=4."
100000008772058100,terminal,0.750576,2,0.226084,"Признаки конечного узла: depth=2, IN 50k KZT, исходящих контрагентов 0; не boundary depth=4."
100000000971908100,terminal,0.785163,7,0.242746,"Признаки конечного узла: depth=2, IN 89k KZT, исходящих контрагентов 0; не boundary depth=4."
100000008687492100,terminal,0.658935,2,0.164658,"Признаки конечного узла: depth=2, IN 15k KZT, исходящих контрагентов 0; не boundary depth=4."
100000003159641100,consolidator,0.672234,59,0.677927,"Признаки консолидации: 4 плательщиков, IN 64k KZT, охват 7 seed; набл. OUT/IN 3.09."
100000005326681100,terminal,0.71859,16,0.298951,"Признаки конечного узла: depth=2, IN 31k KZT, исходящих контрагентов 0; не boundary depth=4."
100000006888238100,transit,0.353843,60,0.311521,"Признаки транзита: OUT/IN 1.67, same-day match 0%, 1→1 контрагентов."
100000001290243100,terminal,0.639261,6,0.284714,"Признаки конечного узла: depth=2, IN 10k KZT, исходящих контрагентов 0; не boundary depth=4."
100000008289539100,terminal,0.656777,16,0.259865,"Признаки конечного узла: depth=2, IN 15k KZT, исходящих контрагентов 0; не boundary depth=4."
100000000821507100,terminal,0.862715,31,0.39523,"Признаки конечного узла: depth=2, IN 400k KZT, исходящих контрагентов 0; не boundary depth=4."
100000003086040100,terminal,0.644529,1,0.314205,"Признаки конечного узла: depth=2, IN 10k KZT, исходящих контрагентов 0; не boundary depth=4."
100000002969048100,terminal,0.79995,7,0.252559,"Признаки конечного узла: depth=2, IN 108k KZT, исходящих контрагентов 0; не boundary depth=4."
100000002826669100,terminal,0.818989,1,0.388003,"Признаки конечного узла: depth=2, IN 160k KZT, исходящих контрагентов 0; не boundary depth=4."
100000002293421100,transit,0.596569,1,0.557838,"Признаки транзита: OUT/IN 1.15, same-day match 21%, 2→2 контрагентов."
100000004732589100,terminal,0.838028,10,0.294196,"Признаки конечного узла: depth=2, IN 228k KZT, исходящих контрагентов 0; не boundary depth=4."
100000003003821100,terminal,0.732552,3,0.444719,"Признаки конечного узла: depth=2, IN 40k KZT, исходящих контрагентов 0; не boundary depth=4."
100000005237935150,terminal,0.723286,13,0.207602,"Признаки конечного узла: depth=2, IN 35k KZT, исходящих контрагентов 0; не boundary depth=4."
100000004463277100,terminal,0.724683,30,0.258696,"Признаки конечного узла: depth=2, IN 35k KZT, исходящих контрагентов 0; не boundary depth=4."
100000006523053100,terminal,0.615462,3,0.401703,"Признаки конечного узла: depth=2, IN 5k KZT, исходящих контрагентов 0; не boundary depth=4."
100000001954903100,terminal,0.708309,10,0.200803,"Признаки конечного узла: depth=2, IN 27k KZT, исходящих контрагентов 0; не boundary depth=4."
100000005328215100,terminal,0.707548,10,0.200279,"Признаки конечного узла: depth=2, IN 27k KZT, исходящих контрагентов 0; не boundary depth=4."
100000004424023100,transit,0.40431,7,0.627255,"Признаки транзита: OUT/IN 2.00, same-day match 0%, 1→1 контрагентов."
100000002299948100,terminal,0.625363,33,0.32462,"Признаки конечного узла: depth=2, IN 7k KZT, исходящих контрагентов 0; не boundary depth=4."
100000005105153100,terminal,0.714275,1,0.332637,"Признаки конечного узла: depth=2, IN 30k KZT, исходящих контрагентов 0; не boundary depth=4."
100000001985793100,terminal,0.864175,28,0.305753,"Признаки конечного узла: depth=2, IN 420k KZT, исходящих контрагентов 0; не boundary depth=4."
100000003134934100,terminal,0.962597,1,0.655979,"Признаки конечного узла: depth=2, IN 379k KZT, исходящих контрагентов 0; не boundary depth=4."
100000006240939100,distributor,0.63863,28,0.454036,"Признаки распределения: 5 получателей, OUT 778k KZT, охват 1 seed; fan-out высокий."
100000008656043100,terminal,0.705453,2,0.193786,"Признаки конечного узла: depth=2, IN 26k KZT, исходящих контрагентов 0; не boundary depth=4."
100000002605184100,terminal,0.811945,16,0.377642,"Признаки конечного узла: depth=2, IN 140k KZT, исходящих контрагентов 0; не boundary depth=4."
100000003157333100,terminal,0.714275,7,0.190871,"Признаки конечного узла: depth=2, IN 30k KZT, исходящих контрагентов 0; не boundary depth=4."
100000007898453100,peripheral,0.036633,3,0.632625,Периферия: 1 входящих и 2 исходящих связей; структурная значимость ниже порогов других ролей.
100000002710570100,terminal,0.837901,32,0.403082,"Признаки конечного узла: depth=2, IN 225k KZT, исходящих контрагентов 0; не boundary depth=4."
100000004979498100,terminal,0.431169,53,0.378247,"Признаки конечного узла: depth=2, IN 700k KZT, исходящих контрагентов 1; не boundary depth=4."
100000001541418100,terminal,0.872906,8,0.436063,"Признаки конечного узла: depth=2, IN 97k KZT, исходящих контрагентов 0; не boundary depth=4."
100000007797290100,peripheral,0.413367,1,0.452303,Периферия: 1 входящих и 1 исходящих связей; структурная значимость ниже порогов других ролей.
100000008683818100,terminal,0.669597,2,0.172166,"Признаки конечного узла: depth=2, IN 17k KZT, исходящих контрагентов 0; не boundary depth=4."
100000006567935100,terminal,0.832507,31,0.36891,"Признаки конечного узла: depth=2, IN 200k KZT, исходящих контрагентов 0; не boundary depth=4."
100000002132479100,transit,0.367666,15,0.475191,"Признаки транзита: OUT/IN 0.67, same-day match 0%, 1→1 контрагентов."
100000002170580100,terminal,0.815943,10,0.277942,"Признаки конечного узла: depth=2, IN 150k KZT, исходящих контрагентов 0; не boundary depth=4."
100000001232297100,peripheral,0.036633,14,0.44254,Периферия: 1 входящих и 2 исходящих связей; структурная значимость ниже порогов других ролей.
100000002028158100,terminal,0.723921,16,0.303507,"Признаки конечного узла: depth=2, IN 35k KZT, исходящих контрагентов 0; не boundary depth=4."
100000005519998100,transit,0.656784,35,0.665317,"Признаки транзита: OUT/IN 1.03, same-day match 3%, 3→3 контрагентов."
100000002335358100,terminal,0.811945,6,0.395258,"Признаки конечного узла: depth=2, IN 140k KZT, исходящих контрагентов 0; не boundary depth=4."
100000007289427100,terminal,0.649542,3,0.203338,"Признаки конечного узла: depth=2, IN 12k KZT, исходящих контрагентов 0; не boundary depth=4."
100000004592467100,peripheral,0.640775,3,0.138309,Периферия: 1 входящих и 0 исходящих связей; структурная значимость ниже порогов других ролей.
100000004993576100,terminal,0.822035,16,0.375242,"Признаки конечного узла: depth=2, IN 167k KZT, исходящих контрагентов 0; не boundary depth=4."
100000001648936100,terminal,0.788273,7,0.244964,"Признаки конечного узла: depth=2, IN 93k KZT, исходящих контрагентов 0; не boundary depth=4."
100000008512552100,coordinator,0.789666,17,0.783674,"Кандидат в координаторы: 4→6 связей, охват 7 seed, betweenness 0.0004; межкластерных связей 2."
100000007629096100,consolidator,0.782755,1,0.612073,"Признаки консолидации: 4 плательщиков, IN 1.08m KZT, охват 7 seed; набл. OUT/IN 0.71."
100000001601320100,consolidator,0.526138,7,0.37509,"Признаки консолидации: 2 плательщиков, IN 44k KZT, охват 1 seed; набл. OUT/IN 1.06."
100000005782781100,coordinator,0.835092,7,0.821536,"Кандидат в координаторы: 6→10 связей, охват 7 seed, betweenness 0.0006; межкластерных связей 8."
100000002723538100,coordinator,0.790377,4,0.78236,"Кандидат в координаторы: 3→12 связей, охват 7 seed, betweenness 0.0003; межкластерных связей 10."
100000002340562100,terminal,0.727348,7,0.250297,"Признаки конечного узла: depth=2, IN 37k KZT, исходящих контрагентов 0; не boundary depth=4."
100000005939154100,terminal,0.688255,6,0.282278,"Признаки конечного узла: depth=2, IN 22k KZT, исходящих контрагентов 0; не boundary depth=4."
100000004386258100,consolidator,0.725308,12,0.746982,"Признаки консолидации: 3 плательщиков, IN 62k KZT, охват 9 seed; набл. OUT/IN 0.65."
100000008406609100,terminal,0.722525,21,0.409846,"Признаки конечного узла: depth=2, IN 34k KZT, исходящих контрагентов 0; не boundary depth=4."
100000007242833100,terminal,0.35184,12,0.603545,"Признаки конечного узла: depth=2, IN 108k KZT, исходящих контрагентов 1; не boundary depth=4."
100000004698193100,consolidator,0.641996,7,0.434656,"Признаки консолидации: 2 плательщиков, IN 223k KZT, охват 1 seed; набл. OUT/IN 0.17."
100000002733905100,consolidator,0.562461,2,0.456003,"Признаки консолидации: 3 плательщиков, IN 100k KZT, охват 1 seed; набл. OUT/IN 7.18."
100000006912294100,peripheral,0.20258,8,0.307712,Периферия: 1 входящих и 2 исходящих связей; структурная значимость ниже порогов других ролей.
100000003036198100,terminal,0.658935,3,0.251455,"Признаки конечного узла: depth=2, IN 15k KZT, исходящих контрагентов 0; не boundary depth=4."
100000004687099100,terminal,0.714275,7,0.224742,"Признаки конечного узла: depth=2, IN 30k KZT, исходящих контрагентов 0; не boundary depth=4."
100000005242320100,distributor,0.754936,13,0.617316,"Признаки распределения: 21 получателей, OUT 8.94m KZT, охват 2 seed; fan-out высокий."
100000008762832100,peripheral,0.485632,3,0.314521,Периферия: 1 входящих и 1 исходящих связей; структурная значимость ниже порогов других ролей.
100000002489253100,terminal,0.754257,6,0.324173,"Признаки конечного узла: depth=2, IN 51k KZT, исходящих контрагентов 0; не boundary depth=4."
100000004756901100,terminal,0.817847,6,0.361892,"Признаки конечного узла: depth=2, IN 153k KZT, исходящих контрагентов 0; не boundary depth=4."
100000008749989100,terminal,0.664583,2,0.168229,"Признаки конечного узла: depth=2, IN 16k KZT, исходящих контрагентов 0; не boundary depth=4."
100000001380986100,terminal,0.773169,8,0.22099,"Признаки конечного узла: depth=2, IN 70k KZT, исходящих контрагентов 0; не boundary depth=4."
100000003089018100,terminal,0.83879,8,0.272525,"Признаки конечного узла: depth=2, IN 230k KZT, исходящих контрагентов 0; не boundary depth=4."
100000008742266100,terminal,0.686097,2,0.182058,"Признаки конечного узла: depth=2, IN 21k KZT, исходящих контрагентов 0; не boundary depth=4."
100000003044431100,terminal,0.845807,3,0.421431,"Признаки конечного узла: depth=2, IN 60k KZT, исходящих контрагентов 0; не boundary depth=4."
100000003321423100,terminal,0.794492,34,0.459878,"Признаки конечного узла: depth=2, IN 100k KZT, исходящих контрагентов 0; не boundary depth=4."
100000002540623100,terminal,0.794492,10,0.262983,"Признаки конечного узла: depth=2, IN 100k KZT, исходящих контрагентов 0; не boundary depth=4."
100000004225615100,terminal,0.786179,8,0.231692,"Признаки конечного узла: depth=2, IN 90k KZT, исходящих контрагентов 0; не boundary depth=4."
100000004820260100,distributor,0.626286,16,0.597896,"Признаки распределения: 3 получателей, OUT 215k KZT, охват 7 seed; fan-out высокий."
100000000795129100,terminal,0.855417,16,0.399877,"Признаки конечного узла: depth=2, IN 332k KZT, исходящих контрагентов 0; не boundary depth=4."
100000008213966100,consolidator,0.697606,29,0.683581,"Признаки консолидации: 3 плательщиков, IN 187k KZT, охват 7 seed; набл. OUT/IN 2.34."
100000008478414100,peripheral,0.640775,2,0.150601,Периферия: 1 входящих и 0 исходящих связей; структурная значимость ниже порогов других ролей.
100000001330595100,consolidator,0.588777,25,0.414707,"Признаки консолидации: 3 плательщиков, IN 87k KZT, охват 1 seed; набл. OUT/IN 1.77."
100000000076451100,consolidator,0.654826,16,0.670443,"Признаки консолидации: 3 плательщиков, IN 88k KZT, охват 7 seed; набл. OUT/IN 0.66."
100000005664632100,terminal,0.83092,67,0.484817,"Признаки конечного узла: depth=2, IN 199k KZT, исходящих контрагентов 0; не boundary depth=4."
100000002457464100,terminal,0.769488,3,0.415801,"Признаки конечного узла: depth=2, IN 67k KZT, исходящих контрагентов 0; не boundary depth=4."
100000002757240100,terminal,0.754764,3,0.423032,"Признаки конечного узла: depth=2, IN 51k KZT, исходящих контрагентов 0; не boundary depth=4."
100000003718221100,distributor,0.670871,23,0.661089,"Признаки распределения: 4 получателей, OUT 424k KZT, охват 7 seed; fan-out высокий."
100000008629581100,terminal,0.758826,3,0.407411,"Признаки конечного узла: depth=2, IN 54k KZT, исходящих контрагентов 0; не boundary depth=4."
100000004806903100,terminal,0.673214,3,0.424814,"Признаки конечного узла: depth=2, IN 18k KZT, исходящих контрагентов 0; не boundary depth=4."
100000000913911100,consolidator,0.691432,3,0.598766,"Признаки консолидации: 2 плательщиков, IN 467k KZT, охват 7 seed; набл. OUT/IN 1.28."
100000004905207100,terminal,0.860367,15,0.515124,"Признаки конечного узла: depth=2, IN 380k KZT, исходящих контрагентов 0; не boundary depth=4."
100000003831201100,terminal,0.734139,1,0.352179,"Признаки конечного узла: depth=2, IN 40k KZT, исходящих контрагентов 0; не boundary depth=4."
100000003073398100,terminal,0.788527,7,0.245249,"Признаки конечного узла: depth=2, IN 93k KZT, исходящих контрагентов 0; не boundary depth=4."
100000008418934100,terminal,0.858463,8,0.290875,"Признаки конечного узла: depth=2, IN 360k KZT, исходящих контрагентов 0; не boundary depth=4."
100000002741024100,consolidator,0.74464,1,0.746583,"Признаки консолидации: 5 плательщиков, IN 818k KZT, охват 7 seed; набл. OUT/IN 0.53."
100000008106997100,consolidator,0.650525,1,0.494128,"Признаки консолидации: 2 плательщиков, IN 36k KZT, охват 7 seed; набл. OUT/IN 0.58."
100000007998965100,consolidator,0.897134,10,0.735891,"Признаки консолидации: 5 плательщиков, IN 278k KZT, охват 8 seed; набл. OUT/IN 0.09."
100000001822623100,terminal,0.83384,23,0.376641,"Признаки конечного узла: depth=2, IN 201k KZT, исходящих контрагентов 0; не boundary depth=4."
100000006424479100,peripheral,0.036633,14,0.723154,Периферия: 1 входящих и 2 исходящих связей; структурная значимость ниже порогов других ролей.
100000008696692100,terminal,0.675752,2,0.175737,"Признаки конечного узла: depth=2, IN 19k KZT, исходящих контрагентов 0; не boundary depth=4."
100000002748532100,consolidator,0.757789,18,0.769013,"Признаки консолидации: 3 плательщиков, IN 356k KZT, охват 9 seed; набл. OUT/IN 1.82."
100000004456564100,terminal,0.639261,15,0.369489,"Признаки конечного узла: depth=2, IN 10k KZT, исходящих контрагентов 0; не boundary depth=4."
100000001530740100,terminal,0.658935,6,0.316192,"Признаки конечного узла: depth=2, IN 15k KZT, исходящих контрагентов 0; не boundary depth=4."
100000001386612100,terminal,0.766061,21,0.359795,"Признаки конечного узла: depth=2, IN 62k KZT, исходящих контрагентов 0; не boundary depth=4."
100000003360542100,consolidator,0.839676,10,0.647866,"Признаки консолидации: 2 плательщиков, IN 317k KZT, охват 11 seed; набл. OUT/IN 0.16."
100000008352542100,terminal,0.753241,3,0.439869,"Признаки конечного узла: depth=2, IN 50k KZT, исходящих контрагентов 0; не boundary depth=4."
100000001138376100,terminal,0.661473,16,0.26233,"Признаки конечного узла: depth=2, IN 15k KZT, исходящих контрагентов 0; не boundary depth=4."
100000003246024100,terminal,0.251695,1,0.601857,"Признаки конечного узла: depth=2, IN 25k KZT, исходящих контрагентов 1; не boundary depth=4."
100000002680477100,terminal,0.699361,13,0.191367,"Признаки конечного узла: depth=2, IN 25k KZT, исходящих контрагентов 0; не boundary depth=4."
100000005882013100,consolidator,0.848606,14,0.575024,"Признаки консолидации: 2 плательщиков, IN 135k KZT, охват 10 seed; набл. OUT/IN 0.07."
100000005665181100,coordinator,0.806088,5,0.77301,"Кандидат в координаторы: 4→11 связей, охват 7 seed, betweenness 0.0003; межкластерных связей 7."
100000008141170100,terminal,0.645671,6,0.318999,"Признаки конечного узла: depth=2, IN 11k KZT, исходящих контрагентов 0; не boundary depth=4."
100000001382002100,transit,0.459701,1,0.433475,"Признаки транзита: OUT/IN 1.03, same-day match 0%, 1→1 контрагентов."
100000002481735100,terminal,0.68927,6,0.316595,"Признаки конечного узла: depth=2, IN 22k KZT, исходящих контрагентов 0; не boundary depth=4."
100000000806727100,terminal,0.291931,3,0.483061,"Признаки конечного узла: depth=2, IN 45k KZT, исходящих контрагентов 1; не boundary depth=4."
100000003039473100,terminal,0.690349,6,0.302435,"Признаки конечного узла: depth=2, IN 23k KZT, исходящих контрагентов 0; не boundary depth=4."
100000005205745100,terminal,0.623205,7,0.273737,"Признаки конечного узла: depth=2, IN 6k KZT, исходящих контрагентов 0; не boundary depth=4."
100000004356593100,peripheral,0.413367,3,0.42364,Периферия: 1 входящих и 1 исходящих связей; структурная значимость ниже порогов других ролей.
100000008688881100,terminal,0.737629,2,0.217983,"Признаки конечного узла: depth=2, IN 44k KZT, исходящих контрагентов 0; не boundary depth=4."
100000008111003100,consolidator,0.826318,1,0.779279,"Признаки консолидации: 6 плательщиков, IN 223k KZT, охват 7 seed; набл. OUT/IN 0.16."
100000003016773100,terminal,0.742579,11,0.416816,"Признаки конечного узла: depth=2, IN 47k KZT, исходящих контрагентов 0; не boundary depth=4."
100000004674799100,terminal,0.811945,1,0.398781,"Признаки конечного узла: depth=2, IN 140k KZT, исходящих контрагентов 0; не boundary depth=4."
100000005834479100,peripheral,0.396182,4,0.407511,Периферия: 1 входящих и 2 исходящих связей; структурная значимость ниже порогов других ролей.
100000003278020100,terminal,0.828509,1,0.374515,"Признаки конечного узла: depth=2, IN 190k KZT, исходящих контрагентов 0; не boundary depth=4."
100000000831684100,terminal,0.211269,12,0.312142,"Признаки конечного узла: depth=2, IN 15k KZT, исходящих контрагентов 1; не boundary depth=4."
100000000307908100,peripheral,0.640775,43,0.160886,Периферия: 1 входящих и 0 исходящих связей; структурная значимость ниже порогов других ролей.
100000001782980100,terminal,0.30291,30,0.351031,"Признаки конечного узла: depth=2, IN 50k KZT, исходящих контрагентов 1; не boundary depth=4."
100000002454724100,terminal,0.80636,31,0.349118,"Признаки конечного узла: depth=2, IN 125k KZT, исходящих контрагентов 0; не boundary depth=4."
100000005904580100,terminal,0.856151,12,0.439135,"Признаки конечного узла: depth=2, IN 72k KZT, исходящих контрагентов 0; не boundary depth=4."
100000008474308100,transit,0.381951,12,0.370673,"Признаки транзита: OUT/IN 0.71, same-day match 0%, 1→1 контрагентов."
100000000795033100,terminal,0.674547,1,0.324688,"Признаки конечного узла: depth=2, IN 18k KZT, исходящих контрагентов 0; не boundary depth=4."
100000000861294100,terminal,0.815943,7,0.265731,"Признаки конечного узла: depth=2, IN 150k KZT, исходящих контрагентов 0; не boundary depth=4."
100000006557763100,terminal,0.639261,3,0.392383,"Признаки конечного узла: depth=2, IN 10k KZT, исходящих контрагентов 0; не boundary depth=4."
100000005608515100,terminal,0.767013,7,0.220206,"Признаки конечного узла: depth=2, IN 64k KZT, исходящих контрагентов 0; не boundary depth=4."
100000003922499100,terminal,0.750576,12,0.262717,"Признаки конечного узла: depth=2, IN 50k KZT, исходящих контрагентов 0; не boundary depth=4."
100000008603629100,coordinator,0.900355,4,0.877156,"Кандидат в координаторы: 19→61 связей, охват 7 seed, betweenness 0.0058; межкластерных связей 32."
100000004825069100,terminal,0.714275,2,0.20028,"Признаки конечного узла: depth=2, IN 30k KZT, исходящих контрагентов 0; не boundary depth=4."
100000004331458100,terminal,0.925517,49,0.392515,"Признаки конечного узла: depth=2, IN 250k KZT, исходящих контрагентов 0; не boundary depth=4."
100000002911170100,terminal,0.851736,31,0.385392,"Признаки конечного узла: depth=2, IN 300k KZT, исходящих контрагентов 0; не boundary depth=4."
100000008011159100,consolidator,0.727299,42,0.754288,"Признаки консолидации: 3 плательщиков, IN 363k KZT, охват 7 seed; набл. OUT/IN 0.42."
100000003854444100,distributor,0.857104,19,0.805619,"Признаки распределения: 14 получателей, OUT 2.32m KZT, охват 7 seed; fan-out высокий."
100000008547948100,coordinator,0.90557,8,0.912206,"Кандидат в координаторы: 6→26 связей, охват 8 seed, betweenness 0.0011; межкластерных связей 13."
100000005175148100,consolidator,0.731286,16,0.467867,"Признаки консолидации: 2 плательщиков, IN 79k KZT, охват 7 seed; набл. OUT/IN 0.19."
100000002087788100,terminal,0.796777,5,0.389622,"Признаки конечного узла: depth=2, IN 100k KZT, исходящих контрагентов 0; не boundary depth=4."
100000004150593100,distributor,0.81871,6,0.757593,"Признаки распределения: 11 получателей, OUT 871k KZT, охват 7 seed; fan-out высокий."
100000001597505100,terminal,0.258613,33,0.494715,"Признаки конечного узла: depth=2, IN 26k KZT, исходящих контрагентов 1; не boundary depth=4."
100000007629121100,terminal,0.710784,3,0.431029,"Признаки конечного узла: depth=2, IN 29k KZT, исходящих контрагентов 0; не boundary depth=4."
100000005614315100,terminal,0.867221,6,0.423084,"Признаки конечного узла: depth=2, IN 455k KZT, исходящих контрагентов 0; не boundary depth=4."
100000008324800100,consolidator,0.730513,72,0.643677,"Признаки консолидации: 3 плательщиков, IN 526k KZT, охват 7 seed; набл. OUT/IN 0.97."
100000005030592100,terminal,0.639261,16,0.2465,"Признаки конечного узла: depth=2, IN 10k KZT, исходящих контрагентов 0; не boundary depth=4."
100000001633685100,terminal,0.836002,1,0.412719,"Признаки конечного узла: depth=2, IN 45k KZT, исходящих контрагентов 0; не boundary depth=4."
100000001848426100,terminal,0.790684,7,0.246997,"Признаки конечного узла: depth=2, IN 96k KZT, исходящих контрагентов 0; не boundary depth=4."
100000004580202100,distributor,0.598683,23,0.577037,"Признаки распределения: 3 получателей, OUT 45k KZT, охват 7 seed; fan-out высокий."
100000008717375100,terminal,0.711609,3,0.375335,"Признаки конечного узла: depth=2, IN 30k KZT, исходящих контрагентов 0; не boundary depth=4."
100000007861311100,terminal,0.739597,7,0.242043,"Признаки конечного узла: depth=2, IN 45k KZT, исходящих контрагентов 0; не boundary depth=4."
100000005578559100,coordinator,0.823015,9,0.809785,"Кандидат в координаторы: 2→21 связей, охват 7 seed, betweenness 0.0010; межкластерных связей 4."
100000008764436100,terminal,0.652461,2,0.159886,"Признаки конечного узла: depth=2, IN 13k KZT, исходящих контрагентов 0; не boundary depth=4."
100000000190228100,terminal,0.167797,8,0.555088,"Признаки конечного узла: depth=2, IN 5k KZT, исходящих контрагентов 1; не boundary depth=4."
100000003971049100,terminal,0.760857,1,0.316706,"Признаки конечного узла: depth=2, IN 56k KZT, исходящих контрагентов 0; не boundary depth=4."
100000008743913100,distributor,0.851588,18,0.882988,"Признаки распределения: 13 получателей, OUT 1.85m KZT, охват 9 seed; fan-out высокий."
100000004400361100,terminal,0.639261,6,0.240915,"Признаки конечного узла: depth=2, IN 10k KZT, исходящих контрагентов 0; не boundary depth=4."
100000002175422100,distributor,0.75812,32,0.732572,"Признаки распределения: 6 получателей, OUT 1.62m KZT, охват 7 seed; fan-out высокий."
100000004544958100,peripheral,0.031628,10,0.611926,Периферия: 1 входящих и 2 исходящих связей; структурная значимость ниже порогов других ролей.
100000008466579100,coordinator,0.872708,11,0.883602,"Кандидат в координаторы: 2→17 связей, охват 8 seed, betweenness 0.0005; межкластерных связей 7."
100000001184915100,terminal,0.833713,16,0.382864,"Признаки конечного узла: depth=2, IN 201k KZT, исходящих контрагентов 0; не boundary depth=4."
100000004435304100,terminal,0.705453,2,0.193786,"Признаки конечного узла: depth=2, IN 26k KZT, исходящих контрагентов 0; не boundary depth=4."
100000008762728100,terminal,0.667566,6,0.296221,"Признаки конечного узла: depth=2, IN 17k KZT, исходящих контрагентов 0; не boundary depth=4."
100000004285800100,terminal,0.167797,1,0.439138,"Признаки конечного узла: depth=2, IN 5k KZT, исходящих контрагентов 1; не boundary depth=4."
100000008557672100,terminal,0.747149,2,0.224394,"Признаки конечного узла: depth=2, IN 49k KZT, исходящих контрагентов 0; не boundary depth=4."
100000005142589100,terminal,0.750576,1,0.328856,"Признаки конечного узла: depth=2, IN 50k KZT, исходящих контрагентов 0; не boundary depth=4."
100000003747133100,consolidator,0.691825,47,0.740463,"Признаки консолидации: 5 плательщиков, IN 237k KZT, охват 7 seed; набл. OUT/IN 1.05."
100000003289405100,terminal,0.857956,3,0.296323,"Признаки конечного узла: depth=2, IN 355k KZT, исходящих контрагентов 0; не boundary depth=4."
100000002691858100,terminal,0.755018,33,0.413963,"Признаки конечного узла: depth=2, IN 52k KZT, исходящих контрагентов 0; не boundary depth=4."
100000007534354100,distributor,0.528115,10,0.396077,"Признаки распределения: 3 получателей, OUT 148k KZT, охват 1 seed; fan-out высокий."
100000000765628100,terminal,0.615462,6,0.273215,"Признаки конечного узла: depth=2, IN 5k KZT, исходящих контрагентов 0; не boundary depth=4."
100000004962193100,terminal,0.990607,1,0.60083,"Признаки конечного узла: depth=2, IN 900k KZT, исходящих контрагентов 0; не boundary depth=4."
100000005032294100,terminal,0.639261,15,0.369489,"Признаки конечного узла: depth=2, IN 10k KZT, исходящих контрагентов 0; не boundary depth=4."
100000001251686100,terminal,0.673214,3,0.368844,"Признаки конечного узла: depth=2, IN 18k KZT, исходящих контрагентов 0; не boundary depth=4."
100000002398779100,consolidator,0.932181,1,0.740129,"Признаки консолидации: 13 плательщиков, IN 1.10m KZT, охват 8 seed; набл. OUT/IN 0.06."
100000008512827100,distributor,0.835397,13,0.868001,"Признаки распределения: 10 получателей, OUT 1.94m KZT, охват 9 seed; fan-out высокий."
100000003943483100,terminal,0.639261,12,0.35846,"Признаки конечного узла: depth=2, IN 10k KZT, исходящих контрагентов 0; не boundary depth=4."
100000005031696100,peripheral,0.036633,51,0.70842,Периферия: 1 входящих и 2 исходящих связей; структурная значимость ниже порогов других ролей.
100000002703376100,terminal,0.742325,1,0.305152,"Признаки конечного узла: depth=2, IN 47k KZT, исходящих контрагентов 0; не boundary depth=4."
100000003617552100,terminal,0.699361,30,0.241291,"Признаки конечного узла: depth=2, IN 25k KZT, исходящих контрагентов 0; не boundary depth=4."
100000007617808100,terminal,0.86665,6,0.402784,"Признаки конечного узла: depth=2, IN 450k KZT, исходящих контрагентов 0; не boundary depth=4."
100000002613776100,terminal,0.714275,3,0.305213,"Признаки конечного узла: depth=2, IN 30k KZT, исходящих контрагентов 0; не boundary depth=4."
100000002578405100,distributor,0.782626,2,0.643267,"Признаки распределения: 116 получателей, OUT 3.11m KZT, охват 1 seed; fan-out высокий."
100000006161893100,terminal,0.654429,6,0.315235,"Признаки конечного узла: depth=2, IN 14k KZT, исходящих контрагентов 0; не boundary depth=4."
100000002633701100,terminal,0.846278,8,0.27879,"Признаки конечного узла: depth=2, IN 267k KZT, исходящих контрагентов 0; не boundary depth=4."
100000002432143100,terminal,0.780403,3,0.441113,"Признаки конечного узла: depth=2, IN 81k KZT, исходящих контрагентов 0; не boundary depth=4."
100000000490383100,distributor,0.72388,6,0.719212,"Признаки распределения: 8 получателей, OUT 461k KZT, охват 7 seed; fan-out высокий."
100000005809252100,terminal,0.699361,5,0.340099,"Признаки конечного узла: depth=2, IN 25k KZT, исходящих контрагентов 0; не boundary depth=4."
100000006612238100,terminal,0.371831,2,0.314062,"Признаки конечного узла: depth=2, IN 160k KZT, исходящих контрагентов 1; не boundary depth=4."
100000002593038100,terminal,0.709896,12,0.419153,"Признаки конечного узла: depth=2, IN 28k KZT, исходящих контрагентов 0; не boundary depth=4."
100000002947299100,terminal,0.782942,3,0.443359,"Признаки конечного узла: depth=2, IN 85k KZT, исходящих контрагентов 0; не boundary depth=4."
100000004336312100,consolidator,0.66223,35,0.611669,"Признаки консолидации: 3 плательщиков, IN 90k KZT, охват 7 seed; набл. OUT/IN 0.80."
100000001308856100,terminal,0.707548,2,0.195275,"Признаки конечного узла: depth=2, IN 27k KZT, исходящих контрагентов 0; не boundary depth=4."
100000008238989100,terminal,0.832507,23,0.375976,"Признаки конечного узла: depth=2, IN 200k KZT, исходящих контрагентов 0; не boundary depth=4."
100000005561741100,terminal,0.699361,9,0.402087,"Признаки конечного узла: depth=2, IN 25k KZT, исходящих контрагентов 0; не boundary depth=4."
100000006248077100,terminal,0.750576,6,0.3112,"Признаки конечного узла: depth=2, IN 50k KZT, исходящих контрагентов 0; не boundary depth=4."
100000000646541100,terminal,0.798241,1,0.445511,"Признаки конечного узла: depth=2, IN 25k KZT, исходящих контрагентов 0; не boundary depth=4."
100000006595426100,terminal,0.782434,1,0.354349,"Признаки конечного узла: depth=2, IN 85k KZT, исходящих контрагентов 0; не boundary depth=4."
100000002956898100,terminal,0.932053,16,0.487253,"Признаки конечного узла: depth=2, IN 290k KZT, исходящих контрагентов 0; не boundary depth=4."
100000001262647100,terminal,0.692951,16,0.297607,"Признаки конечного узла: depth=2, IN 24k KZT, исходящих контрагентов 0; не boundary depth=4."
100000005849100100,terminal,0.721383,3,0.442405,"Признаки конечного узла: depth=2, IN 33k KZT, исходящих контрагентов 0; не boundary depth=4."
100000000533217100,terminal,0.757937,1,0.370552,"Признаки конечного узла: depth=2, IN 54k KZT, исходящих контрагентов 0; не boundary depth=4."
100000002812641100,transit,0.378384,8,0.453628,"Признаки транзита: OUT/IN 0.70, same-day match 0%, 1→1 контрагентов."
100000008647905100,peripheral,0.385543,19,0.569606,Периферия: 1 входящих и 2 исходящих связей; структурная значимость ниже порогов других ролей.
100000002842337100,terminal,0.750576,7,0.248304,"Признаки конечного узла: depth=2, IN 50k KZT, исходящих контрагентов 0; не boundary depth=4."
100000002445750100,terminal,0.324297,1,0.490028,"Признаки конечного узла: depth=2, IN 70k KZT, исходящих контрагентов 1; не boundary depth=4."
100000005619339100,transit,0.443269,6,0.359314,"Признаки транзита: OUT/IN 1.09, same-day match 0%, 1→1 контрагентов."
100000006844768100,transit,0.474139,1,0.62077,"Признаки транзита: OUT/IN 0.67, same-day match 18%, 1→2 контрагентов."
100000002488629100,terminal,0.774501,7,0.233432,"Признаки конечного узла: depth=2, IN 73k KZT, исходящих контрагентов 0; не boundary depth=4."
100000002796853100,terminal,0.383381,64,0.35619,"Признаки конечного узла: depth=2, IN 199k KZT, исходящих контрагентов 1; не boundary depth=4."
100000006755850100,terminal,0.865952,5,0.532886,"Признаки конечного узла: depth=2, IN 443k KZT, исходящих контрагентов 0; не boundary depth=4."
100000008733194100,coordinator,0.797461,14,0.776914,"Кандидат в координаторы: 4→8 связей, охват 7 seed, betweenness 0.0002; межкластерных связей 4."
100000001904863100,terminal,0.871283,15,0.524143,"Признаки конечного узла: depth=2, IN 500k KZT, исходящих контрагентов 0; не boundary depth=4."
100000001641951100,terminal,0.699361,3,0.418489,"Признаки конечного узла: depth=2, IN 25k KZT, исходящих контрагентов 0; не boundary depth=4."
100000004816564100,terminal,0.40204,16,0.495457,"Признаки конечного узла: depth=2, IN 285k KZT, исходящих контрагентов 1; не boundary depth=4."
100000002205022100,distributor,0.744434,56,0.776698,"Признаки распределения: 3 получателей, OUT 518k KZT, охват 10 seed; fan-out высокий."
100000002267998100,distributor,0.669189,23,0.68404,"Признаки распределения: 3 получателей, OUT 1.11m KZT, охват 7 seed; fan-out высокий."
100000002199091100,terminal,0.768282,2,0.238287,"Признаки конечного узла: depth=2, IN 65k KZT, исходящих контрагентов 0; не boundary depth=4."
100000008571443100,terminal,0.850122,14,0.432222,"Признаки конечного узла: depth=2, IN 65k KZT, исходящих контрагентов 0; не boundary depth=4."
100000002742067100,terminal,0.650684,16,0.254828,"Признаки конечного узла: depth=2, IN 13k KZT, исходящих контрагентов 0; не boundary depth=4."
100000003292979100,terminal,0.746514,3,0.436802,"Признаки конечного узла: depth=2, IN 49k KZT, исходящих контрагентов 0; не boundary depth=4."
100000002558173100,terminal,0.633296,33,0.33307,"Признаки конечного узла: depth=2, IN 9k KZT, исходящих контрагентов 0; не boundary depth=4."
100000004687282100,terminal,0.680703,6,0.306614,"Признаки конечного узла: depth=2, IN 20k KZT, исходящих контрагентов 0; не boundary depth=4."
100000003034546100,terminal,0.869633,8,0.301195,"Признаки конечного узла: depth=2, IN 487k KZT, исходящих контрагентов 0; не boundary depth=4."
100000003798151100,terminal,0.857257,6,0.417016,"Признаки конечного узла: depth=2, IN 350k KZT, исходящих контрагентов 0; не boundary depth=4."
100000008710791100,distributor,0.879912,8,0.894872,"Признаки распределения: 23 получателей, OUT 5.52m KZT, охват 9 seed; fan-out высокий."
100000008688476100,terminal,0.695045,2,0.188063,"Признаки конечного узла: depth=2, IN 24k KZT, исходящих контрагентов 0; не boundary depth=4."
100000003242289100,coordinator,0.842011,17,0.831512,"Кандидат в координаторы: 3→23 связей, охват 7 seed, betweenness 0.0010; межкластерных связей 8."
100000006564102100,terminal,0.839678,3,0.483165,"Признаки конечного узла: depth=2, IN 233k KZT, исходящих контрагентов 0; не boundary depth=4."
100000001526235100,distributor,0.748419,26,0.731885,"Признаки распределения: 8 получателей, OUT 433k KZT, охват 7 seed; fan-out высокий."
100000004398811100,distributor,0.583186,3,0.440335,"Признаки распределения: 3 получателей, OUT 1.04m KZT, охват 1 seed; fan-out высокий."
100000002957787100,coordinator,0.884446,1,0.858692,"Кандидат в координаторы: 4→34 связей, охват 7 seed, betweenness 0.0043; межкластерных связей 11."
100000002621915100,terminal,0.615462,6,0.299519,"Признаки конечного узла: depth=2, IN 5k KZT, исходящих контрагентов 0; не boundary depth=4."
100000008283183100,terminal,0.710784,2,0.197929,"Признаки конечного узла: depth=2, IN 29k KZT, исходящих контрагентов 0; не boundary depth=4."
100000003843844100,peripheral,0.413367,14,0.453418,Периферия: 1 входящих и 1 исходящих связей; структурная значимость ниже порогов других ролей.
100000000954884100,terminal,0.722525,36,0.316723,"Признаки конечного узла: depth=3, IN 34k KZT, исходящих контрагентов 0; не boundary depth=4."
100000005893892100,terminal,0.797665,5,0.320279,"Признаки конечного узла: depth=3, IN 103k KZT, исходящих контрагентов 0; не boundary depth=4."
100000001819396100,terminal,0.821655,27,0.372037,"Признаки конечного узла: depth=3, IN 166k KZT, исходящих контрагентов 0; не boundary depth=4."
100000008472324100,terminal,0.834601,5,0.348378,"Признаки конечного узла: depth=3, IN 205k KZT, исходящих контрагентов 0; не boundary depth=4."
100000002646745100,terminal,0.649542,2,0.14889,"Признаки конечного узла: depth=3, IN 12k KZT, исходящих контрагентов 0; не boundary depth=4."
100000008405209100,terminal,0.758953,17,0.315792,"Признаки конечного узла: depth=3, IN 54k KZT, исходящих контрагентов 0; не boundary depth=4."
100000004417753100,terminal,0.910984,3,0.478978,"Признаки конечного узла: depth=3, IN 192k KZT, исходящих контрагентов 0; не boundary depth=4."
100000003457710100,peripheral,0.413367,5,0.487004,Периферия: 1 входящих и 1 исходящих связей; структурная значимость ниже порогов других ролей.
100000007333038100,peripheral,0.396182,13,0.314516,Периферия: 1 входящих и 2 исходящих связей; структурная значимость ниже порогов других ролей.
100000006444163100,terminal,0.623903,1,0.277992,"Признаки конечного узла: depth=3, IN 6k KZT, исходящих контрагентов 0; не boundary depth=4."
100000008706947100,terminal,0.668835,2,0.160247,"Признаки конечного узла: depth=3, IN 17k KZT, исходящих контрагентов 0; не boundary depth=4."
100000008761219100,consolidator,0.656311,48,0.722027,"Признаки консолидации: 2 плательщиков, IN 50k KZT, охват 9 seed; набл. OUT/IN 7.50."
100000005022552100,terminal,0.394361,6,0.422885,"Признаки конечного узла: depth=3, IN 241k KZT, исходящих контрагентов 1; не boundary depth=4."
100000008735832100,terminal,0.671247,2,0.161596,"Признаки конечного узла: depth=3, IN 18k KZT, исходящих контрагентов 0; не boundary depth=4."
100000005661528100,terminal,0.699361,4,0.280686,"Признаки конечного узла: depth=3, IN 25k KZT, исходящих контрагентов 0; не boundary depth=4."
100000002529880100,terminal,0.896641,11,0.519461,"Признаки конечного узла: depth=3, IN 147k KZT, исходящих контрагентов 0; не boundary depth=4."
100000001969496100,terminal,0.689651,15,0.278856,"Признаки конечного узла: depth=3, IN 23k KZT, исходящих контрагентов 0; не boundary depth=4."
100000003215448100,transit,0.447821,4,0.549149,"Признаки транзита: OUT/IN 1.36, same-day match 0%, 1→2 контрагентов."
100000006894637100,terminal,0.756414,1,0.304862,"Признаки конечного узла: depth=3, IN 53k KZT, исходящих контрагентов 0; не boundary depth=4."
100000002936322100,terminal,0.963277,4,0.483516,"Признаки конечного узла: depth=3, IN 787k KZT, исходящих контрагентов 0; не boundary depth=4."
100000005061890100,terminal,0.786179,3,0.377181,"Признаки конечного узла: depth=3, IN 90k KZT, исходящих контрагентов 0; не boundary depth=4."
100000004017410100,distributor,0.719443,35,0.67807,"Признаки распределения: 5 получателей, OUT 1.33m KZT, охват 7 seed; fan-out высокий."
100000002983426100,terminal,0.784973,9,0.350788,"Признаки конечного узла: depth=3, IN 89k KZT, исходящих контрагентов 0; не boundary depth=4."
100000005530114100,consolidator,0.752159,17,0.532673,"Признаки консолидации: 2 плательщиков, IN 137k KZT, охват 7 seed; набл. OUT/IN 0.18."
100000001169666100,terminal,0.38941,9,0.609977,"Признаки конечного узла: depth=3, IN 220k KZT, исходящих контрагентов 1; не boundary depth=4."
100000001784279100,terminal,0.726206,1,0.285204,"Признаки конечного узла: depth=3, IN 36k KZT, исходящих контрагентов 0; не boundary depth=4."
100000008744364100,terminal,0.69384,2,0.175537,"Признаки конечного узла: depth=3, IN 24k KZT, исходящих контрагентов 0; не boundary depth=4."
100000008714412100,terminal,0.822797,9,0.453381,"Признаки конечного узла: depth=3, IN 169k KZT, исходящих контрагентов 0; не boundary depth=4."
100000007754369100,terminal,0.781292,1,0.323073,"Признаки конечного узла: depth=3, IN 82k KZT, исходящих контрагентов 0; не boundary depth=4."
100000003122817100,terminal,0.866079,27,0.407237,"Признаки конечного узла: depth=3, IN 445k KZT, исходящих контрагентов 0; не boundary depth=4."
100000003711830100,terminal,0.750576,4,0.314463,"Признаки конечного узла: depth=3, IN 50k KZT, исходящих контрагентов 0; не boundary depth=4."
100000001110358100,terminal,0.801827,1,0.386574,"Признаки конечного узла: depth=3, IN 32k KZT, исходящих контрагентов 0; не boundary depth=4."
100000006530134100,terminal,0.896133,5,0.440792,"Признаки конечного узла: depth=3, IN 145k KZT, исходящих контрагентов 0; не boundary depth=4."
100000001639766100,terminal,0.680703,7,0.237833,"Признаки конечного узла: depth=3, IN 20k KZT, исходящих контрагентов 0; не boundary depth=4."
100000003242795100,terminal,0.801664,5,0.322721,"Признаки конечного узла: depth=3, IN 111k KZT, исходящих контрагентов 0; не boundary depth=4."
100000004970752100,terminal,0.639261,1,0.318784,"Признаки конечного узла: depth=3, IN 10k KZT, исходящих контрагентов 0; не boundary depth=4."
100000004564736100,terminal,0.658935,23,0.305303,"Признаки конечного узла: depth=3, IN 15k KZT, исходящих контрагентов 0; не boundary depth=4."
100000005873152100,transit,0.473843,10,0.48787,"Признаки транзита: OUT/IN 1.00, same-day match 0%, 1→1 контрагентов."
100000001637376100,peripheral,0.413367,5,0.452415,Периферия: 1 входящих и 1 исходящих связей; структурная значимость ниже порогов других ролей.
100000006710485100,terminal,0.680703,2,0.16719,"Признаки конечного узла: depth=3, IN 20k KZT, исходящих контрагентов 0; не boundary depth=4."
100000003582677100,coordinator,0.717668,3,0.680887,"Кандидат в координаторы: 2→4 связей, охват 7 seed, betweenness 0.0002; межкластерных связей 4."
100000008713685100,terminal,0.74791,2,0.211597,"Признаки конечного узла: depth=3, IN 50k KZT, исходящих контрагентов 0; не boundary depth=4."
100000008070101100,terminal,0.794492,8,0.400706,"Признаки конечного узла: depth=3, IN 100k KZT, исходящих контрагентов 0; не boundary depth=4."
100000004475818100,distributor,0.610886,5,0.600634,"Признаки распределения: 3 получателей, OUT 54k KZT, охват 7 seed; fan-out высокий."
100000007197866100,transit,0.630095,4,0.412747,"Признаки транзита: OUT/IN 0.75, same-day match 75%, 1→1 контрагентов."
100000006965162100,terminal,0.639261,29,0.278008,"Признаки конечного узла: depth=3, IN 10k KZT, исходящих контрагентов 0; не boundary depth=4."
100000005995391100,terminal,0.668835,2,0.160247,"Признаки конечного узла: depth=3, IN 17k KZT, исходящих контрагентов 0; не boundary depth=4."
100000003834495100,consolidator,0.845526,1,0.560915,"Признаки консолидации: 3 плательщиков, IN 602k KZT, охват 7 seed; набл. OUT/IN 0.03."
100000001223977100,terminal,0.167797,51,0.542078,"Признаки конечного узла: depth=3, IN 5k KZT, исходящих контрагентов 1; не boundary depth=4."
100000001046057100,terminal,0.781927,11,0.348679,"Признаки конечного узла: depth=3, IN 83k KZT, исходящих контрагентов 0; не boundary depth=4."
100000002989353100,transit,0.486479,13,0.427038,"Признаки транзита: OUT/IN 0.64, same-day match 60%, 1→2 контрагентов."
100000006714366100,peripheral,0.413367,14,0.373247,Периферия: 1 входящих и 1 исходящих связей; структурная значимость ниже порогов других ролей.
100000001063678100,peripheral,0.370367,23,0.55402,Периферия: 1 входящих и 2 исходящих связей; структурная значимость ниже порогов других ролей.
100000004889043100,terminal,0.929007,1,0.456882,"Признаки конечного узла: depth=3, IN 272k KZT, исходящих контрагентов 0; не boundary depth=4."
100000002984403100,transit,0.491973,26,0.475064,"Признаки транзита: OUT/IN 1.25, same-day match 0%, 1→1 контрагентов."
100000003951827100,peripheral,0.396182,1,0.374335,Периферия: 1 входящих и 2 исходящих связей; структурная значимость ниже порогов других ролей.
100000000933075100,transit,0.601275,12,0.635846,"Признаки транзита: OUT/IN 1.38, same-day match 73%, 1→2 контрагентов."
100000008502995100,terminal,0.699361,1,0.344743,"Признаки конечного узла: depth=3, IN 25k KZT, исходящих контрагентов 0; не boundary depth=4."
100000008086440100,distributor,0.714481,1,0.708267,"Признаки распределения: 5 получателей, OUT 161k KZT, охват 7 seed; fan-out высокий."
100000008465789100,distributor,0.898598,11,0.835127,"Признаки распределения: 16 получателей, OUT 1.86m KZT, охват 8 seed; fan-out высокий."
100000002550141100,terminal,0.796904,4,0.349649,"Признаки конечного узла: depth=3, IN 101k KZT, исходящих контрагентов 0; не boundary depth=4."
100000008739887100,consolidator,0.637578,4,0.625137,"Признаки консолидации: 2 плательщиков, IN 214k KZT, охват 7 seed; набл. OUT/IN 1.43."
100000008532050100,terminal,0.867348,5,0.379588,"Признаки конечного узла: depth=3, IN 455k KZT, исходящих контрагентов 0; не boundary depth=4."
100000008422226100,terminal,0.784338,1,0.319233,"Признаки конечного узла: depth=3, IN 87k KZT, исходящих контрагентов 0; не boundary depth=4."
100000002369874100,terminal,0.979288,8,0.614505,"Признаки конечного узла: depth=3, IN 600k KZT, исходящих контрагентов 0; не boundary depth=4."
100000003321895100,peripheral,0.370367,63,0.598124,Периферия: 1 входящих и 2 исходящих связей; структурная значимость ниже порогов других ролей.
100000001875239100,terminal,0.975811,8,0.604968,"Признаки конечного узла: depth=3, IN 712k KZT, исходящих контрагентов 0; не boundary depth=4."
100000002216999100,terminal,0.693459,2,0.175309,"Признаки конечного узла: depth=3, IN 24k KZT, исходящих контрагентов 0; не boundary depth=4."
100000002653948100,terminal,0.783323,5,0.310563,"Признаки конечного узла: depth=3, IN 85k KZT, исходящих контрагентов 0; не boundary depth=4."
100000008632060100,distributor,0.793471,1,0.726232,"Признаки распределения: 9 получателей, OUT 339k KZT, охват 7 seed; fan-out высокий."
100000008746449100,distributor,0.857189,8,0.778491,"Признаки распределения: 10 получателей, OUT 1.01m KZT, охват 8 seed; fan-out высокий."
100000003031761100,terminal,0.867983,4,0.295815,"Признаки конечного узла: depth=3, IN 460k KZT, исходящих контрагентов 0; не boundary depth=4."
100000008388049100,terminal,0.870521,13,0.326284,"Признаки конечного узла: depth=3, IN 496k KZT, исходящих контрагентов 0; не boundary depth=4."
100000002677201100,transit,0.433817,11,0.583935,"Признаки транзита: OUT/IN 0.58, same-day match 0%, 1→1 контрагентов."
100000002901457100,distributor,0.643788,1,0.666072,"Признаки распределения: 3 получателей, OUT 119k KZT, охват 7 seed; fan-out высокий."
100000001160401100,terminal,0.744293,1,0.322498,"Признаки конечного узла: depth=3, IN 47k KZT, исходящих контрагентов 0; не boundary depth=4."
100000002842321100,terminal,0.819497,5,0.337328,"Признаки конечного узла: depth=3, IN 160k KZT, исходящих контрагентов 0; не boundary depth=4."
100000002547110100,terminal,0.994075,11,0.666547,"Признаки конечного узла: depth=3, IN 1.50m KZT, исходящих контрагентов 0; не boundary depth=4."
100000001600934100,terminal,0.378051,4,0.447409,"Признаки конечного узла: depth=3, IN 180k KZT, исходящих контрагентов 1; не boundary depth=4."
100000002818726100,terminal,0.645227,14,0.252414,"Признаки конечного узла: depth=3, IN 11k KZT, исходящих контрагентов 0; не boundary depth=4."
100000008712827100,terminal,0.777421,2,0.232122,"Признаки конечного узла: depth=3, IN 76k KZT, исходящих контрагентов 0; не boundary depth=4."
100000008259451100,terminal,0.759841,15,0.326227,"Признаки конечного узла: depth=3, IN 55k KZT, исходящих контрагентов 0; не boundary depth=4."
100000003060517100,terminal,0.85364,17,0.39533,"Признаки конечного узла: depth=3, IN 316k KZT, исходящих контрагентов 0; не boundary depth=4."
100000002621434100,terminal,0.780213,8,0.402277,"Признаки конечного узла: depth=3, IN 81k KZT, исходящих контрагентов 0; не boundary depth=4."
100000001860090100,terminal,0.615462,7,0.190382,"Признаки конечного узла: depth=3, IN 5k KZT, исходящих контрагентов 0; не boundary depth=4."
100000004689658100,terminal,0.419936,4,0.507024,"Признаки конечного узла: depth=3, IN 456k KZT, исходящих контрагентов 1; не boundary depth=4."
100000003486970100,terminal,0.815943,5,0.334112,"Признаки конечного узла: depth=3, IN 150k KZT, исходящих контрагентов 0; не boundary depth=4."
100000004659919100,terminal,0.353363,51,0.648079,"Признаки конечного узла: depth=3, IN 110k KZT, исходящих контрагентов 1; не boundary depth=4."
100000006111439100,consolidator,0.550292,5,0.548292,"Признаки консолидации: 3 плательщиков, IN 21k KZT, охват 7 seed; набл. OUT/IN 1.17."
100000002521039100,terminal,0.85694,1,0.377825,"Признаки конечного узла: depth=3, IN 349k KZT, исходящих контрагентов 0; не boundary depth=4."
100000008493007100,peripheral,0.540775,2,0.282215,Периферия: 1 входящих и 1 исходящих связей; структурная значимость ниже порогов других ролей.
100000007793871100,terminal,0.703296,10,0.41652,"Признаки конечного узла: depth=3, IN 26k KZT, исходящих контрагентов 0; не boundary depth=4."
100000001650895100,terminal,0.370308,9,0.592896,"Признаки конечного узла: depth=3, IN 154k KZT, исходящих контрагентов 1; не boundary depth=4."
100000002567887100,terminal,0.753749,5,0.292335,"Признаки конечного узла: depth=3, IN 51k KZT, исходящих контрагентов 0; не boundary depth=4."
100000008055972100,terminal,0.709515,2,0.184796,"Признаки конечного узла: depth=3, IN 28k KZT, исходящих контрагентов 0; не boundary depth=4."
100000008684452100,terminal,0.755145,2,0.215596,"Признаки конечного узла: depth=3, IN 52k KZT, исходящих контрагентов 0; не boundary depth=4."
100000000764836100,peripheral,0.365525,4,0.565415,Периферия: 1 входящих и 2 исходящих связей; структурная значимость ниже порогов других ролей.
100000003072676100,terminal,0.719098,17,0.294838,"Признаки конечного узла: depth=3, IN 32k KZT, исходящих контрагентов 0; не boundary depth=4."
100000008757369100,peripheral,0.413367,1,0.413478,Периферия: 1 входящих и 1 исходящих связей; структурная значимость ниже порогов других ролей.
100000007618425100,terminal,0.730775,17,0.304385,"Признаки конечного узла: depth=3, IN 39k KZT, исходящих контрагентов 0; не boundary depth=4."
100000004671609100,terminal,0.794492,13,0.430145,"Признаки конечного узла: depth=3, IN 100k KZT, исходящих контрагентов 0; не boundary depth=4."
100000004676985100,transit,0.477128,1,0.408842,"Признаки транзита: OUT/IN 0.84, same-day match 0%, 1→1 контрагентов."
100000002531406100,transit,0.469984,4,0.360985,"Признаки транзита: OUT/IN 0.96, same-day match 0%, 1→1 контрагентов."
100000002877262100,terminal,0.794492,11,0.412596,"Признаки конечного узла: depth=3, IN 100k KZT, исходящих контрагентов 0; не boundary depth=4."
100000007591246100,peripheral,0.413367,14,0.424305,Периферия: 1 входящих и 1 исходящих связей; структурная значимость ниже порогов других ролей.
100000008712184100,terminal,0.673214,2,0.162847,"Признаки конечного узла: depth=3, IN 18k KZT, исходящих контрагентов 0; не boundary depth=4."
100000002975437100,terminal,0.425838,32,0.453442,"Признаки конечного узла: depth=3, IN 530k KZT, исходящих контрагентов 1; не boundary depth=4."
100000005008589100,terminal,0.736614,1,0.31733,"Признаки конечного узла: depth=3, IN 43k KZT, исходящих контрагентов 0; не boundary depth=4."
100000000782285100,terminal,0.624411,1,0.278803,"Признаки конечного узла: depth=3, IN 6k KZT, исходящих контрагентов 0; не boundary depth=4."
100000005198498100,terminal,0.710213,2,0.185503,"Признаки конечного узла: depth=3, IN 29k KZT, исходящих контрагентов 0; не boundary depth=4."
100000008517538100,distributor,0.843293,8,0.851526,"Признаки распределения: 17 получателей, OUT 1.44m KZT, охват 8 seed; fan-out высокий."
100000005756535100,terminal,0.680703,2,0.232148,"Признаки конечного узла: depth=3, IN 20k KZT, исходящих контрагентов 0; не boundary depth=4."
100000004917367100,terminal,0.887121,5,0.429685,"Признаки конечного узла: depth=3, IN 120k KZT, исходящих контрагентов 0; не boundary depth=4."
100000001222263100,transit,0.490663,5,0.50335,"Признаки транзита: OUT/IN 0.56, same-day match 40%, 1→1 контрагентов."
100000001149815100,terminal,0.647765,2,0.147947,"Признаки конечного узла: depth=3, IN 12k KZT, исходящих контрагентов 0; не boundary depth=4."
100000006020215100,transit,0.51906,14,0.566888,"Признаки транзита: OUT/IN 1.13, same-day match 0%, 1→2 контрагентов."
100000000673868100,distributor,0.726622,31,0.679139,"Признаки распределения: 5 получателей, OUT 383k KZT, охват 7 seed; fan-out высокий."
100000008749900100,terminal,0.668327,2,0.159862,"Признаки конечного узла: depth=3, IN 17k KZT, исходящих контрагентов 0; не boundary depth=4."
100000002862113100,terminal,0.744737,15,0.316152,"Признаки конечного узла: depth=3, IN 47k KZT, исходящих контрагентов 0; не boundary depth=4."
100000001066017100,consolidator,0.645488,1,0.615722,"Признаки консолидации: 2 плательщиков, IN 136k KZT, охват 7 seed; набл. OUT/IN 0.61."
100000008436257100,terminal,0.806523,17,0.371505,"Признаки конечного узла: depth=3, IN 35k KZT, исходящих контрагентов 0; не boundary depth=4."
100000003016438100,transit,0.618317,11,0.617075,"Признаки транзита: OUT/IN 1.50, same-day match 67%, 1→1 контрагентов."
100000002534091100,terminal,0.688953,4,0.287146,"Признаки конечного узла: depth=3, IN 22k KZT, исходящих контрагентов 0; не boundary depth=4."
100000006882208100,terminal,0.673214,6,0.331717,"Признаки конечного узла: depth=3, IN 18k KZT, исходящих контрагентов 0; не boundary depth=4."
100000005362848100,terminal,0.710784,9,0.296857,"Признаки конечного узла: depth=3, IN 29k KZT, исходящих контрагентов 0; не boundary depth=4."
100000001073568100,peripheral,0.210988,15,0.527686,Периферия: 1 входящих и 2 исходящих связей; структурная значимость ниже порогов других ролей.
100000008687733100,terminal,0.656396,2,0.153062,"Признаки конечного узла: depth=3, IN 15k KZT, исходящих контрагентов 0; не boundary depth=4."
100000007229557100,terminal,0.979492,18,0.617442,"Признаки конечного узла: depth=3, IN 878k KZT, исходящих контрагентов 0; не boundary depth=4."
100000001052789100,terminal,0.773422,19,0.328104,"Признаки конечного узла: depth=3, IN 71k KZT, исходящих контрагентов 0; не boundary depth=4."
100000006967370100,peripheral,0.413367,17,0.41536,Периферия: 1 входящих и 1 исходящих связей; структурная значимость ниже порогов других ролей.
100000001837130100,terminal,0.823812,1,0.357745,"Признаки конечного узла: depth=3, IN 173k KZT, исходящих контрагентов 0; не boundary depth=4."
100000005820746100,terminal,0.441895,24,0.38403,"Признаки конечного узла: depth=3, IN 1.99m KZT, исходящих контрагентов 1; не boundary depth=4."
100000002883402100,terminal,0.948141,8,0.611416,"Признаки конечного узла: depth=3, IN 300k KZT, исходящих контрагентов 0; не boundary depth=4."
100000008582730100,transit,0.707666,19,0.391078,"Признаки транзита: OUT/IN 1.00, same-day match 100%, 1→1 контрагентов."
100000003116106100,terminal,0.870141,5,0.38296,"Признаки конечного узла: depth=3, IN 494k KZT, исходящих контрагентов 0; не boundary depth=4."
100000001818442100,terminal,0.735979,9,0.315321,"Признаки конечного узла: depth=3, IN 42k KZT, исходящих контрагентов 0; не boundary depth=4."
100000008690762100,terminal,0.706786,2,0.182687,"Признаки конечного узла: depth=3, IN 27k KZT, исходящих контрагентов 0; не boundary depth=4."
100000008712991100,terminal,0.769234,2,0.226414,"Признаки конечного узла: depth=3, IN 66k KZT, исходящих контрагентов 0; не boundary depth=4."
100000003292191100,terminal,0.801917,18,0.415529,"Признаки конечного узла: depth=3, IN 112k KZT, исходящих контрагентов 0; не boundary depth=4."
100000005367284100,peripheral,0.396182,1,0.489611,Периферия: 1 входящих и 2 исходящих связей; структурная значимость ниже порогов других ролей.
100000003216073100,peripheral,0.540775,4,0.283351,Периферия: 1 входящих и 1 исходящих связей; структурная значимость ниже порогов других ролей.
100000006169033100,distributor,0.696035,42,0.636989,"Признаки распределения: 3 получателей, OUT 1.14m KZT, охват 7 seed; fan-out высокий."
100000004407753100,terminal,0.396011,29,0.456418,"Признаки конечного узла: depth=3, IN 250k KZT, исходящих контрагентов 1; не boundary depth=4."
100000004420041100,distributor,0.79018,12,0.695091,"Признаки распределения: 7 получателей, OUT 652k KZT, охват 7 seed; fan-out высокий."
100000004715209100,distributor,0.737539,52,0.624841,"Признаки распределения: 5 получателей, OUT 350k KZT, охват 7 seed; fan-out высокий."
100000004580254100,terminal,0.790277,17,0.402126,"Признаки конечного узла: depth=3, IN 28k KZT, исходящих контрагентов 0; не boundary depth=4."
100000001056414100,terminal,0.843676,13,0.30003,"Признаки конечного узла: depth=3, IN 250k KZT, исходящих контрагентов 0; не boundary depth=4."
100000008686494100,terminal,0.663504,2,0.156712,"Признаки конечного узла: depth=3, IN 16k KZT, исходящих контрагентов 0; не boundary depth=4."
100000002822472100,terminal,0.927865,13,0.539579,"Признаки конечного узла: depth=3, IN 267k KZT, исходящих контрагентов 0; не boundary depth=4."
100000001831496100,peripheral,0.413367,10,0.451683,Периферия: 1 входящих и 1 исходящих связей; структурная значимость ниже порогов других ролей.
100000008732488100,peripheral,0.413367,4,0.465064,Периферия: 1 входящих и 1 исходящих связей; структурная значимость ниже порогов других ролей.
100000004007197100,terminal,0.64383,25,0.147179,"Признаки конечного узла: depth=3, IN 10k KZT, исходящих контрагентов 0; не boundary depth=4."
100000002815005100,terminal,0.868617,8,0.464987,"Признаки конечного узла: depth=3, IN 476k KZT, исходящих контрагентов 0; не boundary depth=4."
100000005756189100,transit,0.632587,5,0.437173,"Признаки транзита: OUT/IN 0.75, same-day match 75%, 1→1 контрагентов."
100000004877085100,distributor,0.630849,14,0.570935,"Признаки распределения: 3 получателей, OUT 96k KZT, охват 7 seed; fan-out высокий."
100000002713074100,consolidator,0.744531,17,0.56382,"Признаки консолидации: 2 плательщиков, IN 700k KZT, охват 7 seed; набл. OUT/IN 0.61."
100000002356167100,peripheral,0.396182,5,0.542956,Периферия: 1 входящих и 2 исходящих связей; структурная значимость ниже порогов других ролей.
100000004140487100,distributor,0.783737,3,0.729025,"Признаки распределения: 10 получателей, OUT 263k KZT, охват 7 seed; fan-out высокий."
100000003147719100,terminal,0.794492,8,0.41297,"Признаки конечного узла: depth=3, IN 100k KZT, исходящих контрагентов 0; не boundary depth=4."
100000008745884100,terminal,0.680703,2,0.16719,"Признаки конечного узла: depth=3, IN 20k KZT, исходящих контрагентов 0; не boundary depth=4."
100000002559089100,terminal,0.961374,13,0.594446,"Признаки конечного узла: depth=3, IN 715k KZT, исходящих контрагентов 0; не boundary depth=4."
100000004984689100,terminal,0.757176,4,0.31841,"Признаки конечного узла: depth=3, IN 53k KZT, исходящих контрагентов 0; не boundary depth=4."
100000004340038100,peripheral,0.413367,14,0.411638,Периферия: 1 входящих и 1 исходящих связей; структурная значимость ниже порогов других ролей.
100000005052998100,peripheral,0.413367,1,0.362492,Периферия: 1 входящих и 1 исходящих связей; структурная значимость ниже порогов других ролей.
100000007597382100,terminal,0.663504,5,0.248534,"Признаки конечного узла: depth=3, IN 16k KZT, исходящих контрагентов 0; не boundary depth=4."
100000008697670100,terminal,0.70209,2,0.179782,"Признаки конечного узла: depth=3, IN 25k KZT, исходящих контрагентов 0; не boundary depth=4."
100000008460102100,distributor,0.784553,20,0.674085,"Признаки распределения: 31 получателей, OUT 477k KZT, охват 1 seed; fan-out высокий."
100000004399686100,terminal,0.882072,24,0.334388,"Признаки конечного узла: depth=3, IN 806k KZT, исходящих контрагентов 0; не boundary depth=4."
100000008688155100,terminal,0.692761,2,0.174784,"Признаки конечного узла: depth=3, IN 24k KZT, исходящих контрагентов 0; не boundary depth=4."
100000004386331100,transit,0.465872,12,0.599157,"Признаки транзита: OUT/IN 0.88, same-day match 0%, 1→2 контрагентов."
100000007999728100,terminal,0.691174,15,0.280157,"Признаки конечного узла: depth=3, IN 23k KZT, исходящих контрагентов 0; не boundary depth=4."
100000001597424100,terminal,0.745372,15,0.316894,"Признаки конечного узла: depth=3, IN 48k KZT, исходящих контрагентов 0; не boundary depth=4."
100000003677936100,peripheral,0.413367,7,0.448255,Периферия: 1 входящих и 1 исходящих связей; структурная значимость ниже порогов других ролей.
100000002943472100,terminal,0.823114,11,0.435376,"Признаки конечного узла: depth=3, IN 170k KZT, исходящих контрагентов 0; не boundary depth=4."
100000004892144100,consolidator,0.76971,24,0.467542,"Признаки консолидации: 2 плательщиков, IN 4.50m KZT, охват 2 seed; набл. OUT/IN 0.04."
100000008077552100,terminal,0.83568,4,0.378937,"Признаки конечного узла: depth=3, IN 214k KZT, исходящих контрагентов 0; не boundary depth=4."
100000002914245100,terminal,0.812643,4,0.246616,"Признаки конечного узла: depth=3, IN 141k KZT, исходящих контрагентов 0; не boundary depth=4."
100000004906181100,distributor,0.814777,37,0.679241,"Признаки распределения: 7 получателей, OUT 2.47m KZT, охват 7 seed; fan-out высокий."
100000008514970100,peripheral,0.456406,4,0.342315,Периферия: 1 входящих и 1 исходящих связей; структурная значимость ниже порогов других ролей.
100000008258458100,peripheral,0.396182,65,0.575106,Периферия: 1 входящих и 2 исходящих связей; структурная значимость ниже порогов других ролей.
100000003484058100,peripheral,0.413367,15,0.462665,Периферия: 1 входящих и 1 исходящих связей; структурная значимость ниже порогов других ролей.
100000003574895100,transit,0.61125,1,0.410565,"Признаки транзита: OUT/IN 0.72, same-day match 72%, 1→1 контрагентов."
100000000896111100,terminal,0.850086,24,0.299005,"Признаки конечного узла: depth=3, IN 287k KZT, исходящих контрагентов 0; не boundary depth=4."
100000008715887100,terminal,0.673214,2,0.162847,"Признаки конечного узла: depth=3, IN 18k KZT, исходящих контрагентов 0; не boundary depth=4."
100000000560751100,terminal,0.699361,14,0.338898,"Признаки конечного узла: depth=3, IN 25k KZT, исходящих контрагентов 0; не boundary depth=4."
100000008708207100,terminal,0.94995,8,0.562878,"Признаки конечного узла: depth=3, IN 465k KZT, исходящих контрагентов 0; не boundary depth=4."
100000003152964100,peripheral,0.413367,4,0.46608,Периферия: 1 входящих и 1 исходящих связей; структурная значимость ниже порогов других ролей.
100000004991812100,terminal,0.639261,23,0.2918,"Признаки конечного узла: depth=3, IN 10k KZT, исходящих контрагентов 0; не boundary depth=4."
100000000291908100,terminal,0.402928,50,0.546024,"Признаки конечного узла: depth=3, IN 296k KZT, исходящих контрагентов 1; не boundary depth=4."
100000003132484100,terminal,0.786179,8,0.280815,"Признаки конечного узла: depth=3, IN 90k KZT, исходящих контрагентов 0; не boundary depth=4."
100000004077081100,distributor,0.74111,3,0.683519,"Признаки распределения: 4 получателей, OUT 615k KZT, охват 7 seed; fan-out высокий."
100000004770073100,transit,0.764643,1,0.384947,"Признаки транзита: OUT/IN 1.00, same-day match 100%, 1→1 контрагентов."
100000003163886100,terminal,0.871283,56,0.530402,"Признаки конечного узла: depth=3, IN 500k KZT, исходящих контрагентов 0; не boundary depth=4."
100000000795374100,terminal,0.750576,4,0.314463,"Признаки конечного узла: depth=3, IN 50k KZT, исходящих контрагентов 0; не boundary depth=4."
100000002391278100,transit,0.338444,28,0.29988,"Признаки транзита: OUT/IN 1.76, same-day match 0%, 1→1 контрагентов."
100000004635886100,terminal,0.690349,6,0.280456,"Признаки конечного узла: depth=3, IN 23k KZT, исходящих контрагентов 0; не boundary depth=4."
100000000413678100,distributor,0.651536,4,0.642407,"Признаки распределения: 3 получателей, OUT 528k KZT, охват 7 seed; fan-out высокий."
100000008659950100,terminal,0.842788,11,0.451447,"Признаки конечного узла: depth=3, IN 246k KZT, исходящих контрагентов 0; не boundary depth=4."
100000003964910100,terminal,0.966133,17,0.497255,"Признаки конечного узла: depth=3, IN 1.00m KZT, исходящих контрагентов 0; не boundary depth=4."
100000008764654100,terminal,0.704438,2,0.181181,"Признаки конечного узла: depth=3, IN 26k KZT, исходящих контрагентов 0; не boundary depth=4."
100000005830339100,consolidator,0.776992,3,0.618229,"Признаки консолидации: 5 плательщиков, IN 476k KZT, охват 7 seed; набл. OUT/IN 0.71."
100000002032323100,terminal,0.40407,11,0.541607,"Признаки конечного узла: depth=3, IN 300k KZT, исходящих контрагентов 1; не boundary depth=4."
100000008668099100,terminal,0.663504,2,0.156712,"Признаки конечного узла: depth=3, IN 16k KZT, исходящих контрагентов 0; не boundary depth=4."
100000008634520100,terminal,0.786179,11,0.406207,"Признаки конечного узла: depth=3, IN 90k KZT, исходящих контрагентов 0; не boundary depth=4."
100000002103448100,terminal,0.707548,2,0.183364,"Признаки конечного узла: depth=3, IN 27k KZT, исходящих контрагентов 0; не boundary depth=4."
100000005996909100,terminal,0.621238,16,0.275449,"Признаки конечного узла: depth=3, IN 6k KZT, исходящих контрагентов 0; не boundary depth=4."
100000007392365100,distributor,0.795897,41,0.657998,"Признаки распределения: 6 получателей, OUT 1.77m KZT, охват 7 seed; fan-out высокий."
100000008279405100,terminal,0.840059,4,0.38249,"Признаки конечного узла: depth=3, IN 235k KZT, исходящих контрагентов 0; не boundary depth=4."
100000008343874100,consolidator,0.691692,4,0.62008,"Признаки консолидации: 2 плательщиков, IN 284k KZT, охват 7 seed; набл. OUT/IN 0.62."
100000002548759100,terminal,0.941573,8,0.541235,"Признаки конечного узла: depth=3, IN 375k KZT, исходящих контрагентов 0; не boundary depth=4."
100000003069463100,transit,0.436816,27,0.411135,"Признаки транзита: OUT/IN 1.56, same-day match 0%, 1→1 контрагентов."
100000008474391100,terminal,0.680703,23,0.318184,"Признаки конечного узла: depth=3, IN 20k KZT, исходящих контрагентов 0; не boundary depth=4."
100000003097324100,terminal,0.932307,18,0.565555,"Признаки конечного узла: depth=3, IN 294k KZT, исходящих контрагентов 0; не boundary depth=4."
100000001852140100,terminal,0.714275,60,0.255289,"Признаки конечного узла: depth=3, IN 30k KZT, исходящих контрагентов 0; не boundary depth=4."
100000003293377100,terminal,0.750576,5,0.290822,"Признаки конечного узла: depth=3, IN 50k KZT, исходящих контрагентов 0; не boundary depth=4."
100000006048193100,terminal,0.735471,1,0.308531,"Признаки конечного узла: depth=3, IN 42k KZT, исходящих контрагентов 0; не boundary depth=4."
100000002435265100,terminal,0.808962,1,0.337538,"Признаки конечного узла: depth=3, IN 133k KZT, исходящих контрагентов 0; не boundary depth=4."
100000004587414100,terminal,0.955535,5,0.486477,"Признаки конечного узла: depth=3, IN 534k KZT, исходящих контрагентов 0; не boundary depth=4."
100000001726614100,terminal,0.81112,1,0.346408,"Признаки конечного узла: depth=3, IN 139k KZT, исходящих контрагентов 0; не boundary depth=4."
100000003934614100,consolidator,0.601008,35,0.389397,"Признаки консолидации: 2 плательщиков, IN 17k KZT, охват 7 seed; набл. OUT/IN 0.68."
100000008772246100,terminal,0.738327,2,0.205497,"Признаки конечного узла: depth=3, IN 44k KZT, исходящих контрагентов 0; не boundary depth=4."
100000002603371100,terminal,0.633296,1,0.246833,"Признаки конечного узла: depth=3, IN 9k KZT, исходящих контрагентов 0; не boundary depth=4."
100000004445291100,terminal,0.676768,26,0.300775,"Признаки конечного узла: depth=3, IN 20k KZT, исходящих контрагентов 0; не boundary depth=4."
100000008571243100,terminal,0.80947,9,0.442721,"Признаки конечного узла: depth=3, IN 134k KZT, исходящих контрагентов 0; не boundary depth=4."
100000001138283100,transit,0.462685,4,0.462184,"Признаки транзита: OUT/IN 0.61, same-day match 49%, 1→2 контрагентов."
100000002593344100,terminal,0.947031,8,0.581301,"Признаки конечного узла: depth=3, IN 431k KZT, исходящих контрагентов 0; не boundary depth=4."
100000007390016100,transit,0.462675,72,0.478509,"Признаки транзита: OUT/IN 0.68, same-day match 38%, 1→1 контрагентов."
100000001285440100,terminal,0.924057,18,0.559703,"Признаки конечного узла: depth=3, IN 243k KZT, исходящих контрагентов 0; не boundary depth=4."
100000006746688100,terminal,0.734773,2,0.202132,"Признаки конечного узла: depth=3, IN 41k KZT, исходящих контрагентов 0; не boundary depth=4."
100000006471232100,terminal,0.735725,2,0.203122,"Признаки конечного узла: depth=3, IN 42k KZT, исходящих контрагентов 0; не boundary depth=4."
100000008662805100,terminal,0.666043,2,0.158682,"Признаки конечного узла: depth=3, IN 16k KZT, исходящих контрагентов 0; не boundary depth=4."
100000004292885100,terminal,0.802108,2,0.251571,"Признаки конечного узла: depth=3, IN 113k KZT, исходящих контрагентов 0; не boundary depth=4."
100000008190442100,terminal,0.651573,2,0.150253,"Признаки конечного узла: depth=3, IN 13k KZT, исходящих контрагентов 0; не boundary depth=4."
100000007131370100,transit,0.467666,16,0.422292,"Признаки транзита: OUT/IN 1.00, same-day match 0%, 1→1 контрагентов."
100000008717802100,terminal,0.704438,2,0.181181,"Признаки конечного узла: depth=3, IN 26k KZT, исходящих контрагентов 0; не boundary depth=4."
100000005357034100,terminal,0.634311,1,0.235883,"Признаки конечного узла: depth=3, IN 10k KZT, исходящих контрагентов 0; не boundary depth=4."
100000005532138100,terminal,0.701455,7,0.288085,"Признаки конечного узла: depth=3, IN 25k KZT, исходящих контрагентов 0; не boundary depth=4."
100000005264874100,peripheral,0.244417,38,0.339852,Периферия: 1 входящих и 2 исходящих связей; структурная значимость ниже порогов других ролей.
100000008193258100,peripheral,0.413367,17,0.444365,Периферия: 1 входящих и 1 исходящих связей; структурная значимость ниже порогов других ролей.
100000003190207100,terminal,0.167797,21,0.563542,"Признаки конечного узла: depth=3, IN 5k KZT, исходящих контрагентов 1; не boundary depth=4."
100000004321983100,peripheral,0.396182,28,0.322963,Периферия: 1 входящих и 2 исходящих связей; структурная значимость ниже порогов других ролей.
100000002633108100,terminal,0.853957,15,0.397569,"Признаки конечного узла: depth=3, IN 320k KZT, исходящих контрагентов 0; не boundary depth=4."
100000005941908100,terminal,0.639261,15,0.388847,"Признаки конечного узла: depth=3, IN 10k KZT, исходящих контрагентов 0; не boundary depth=4."
100000001835625100,terminal,0.776469,5,0.305171,"Признаки конечного узла: depth=3, IN 75k KZT, исходящих контрагентов 0; не boundary depth=4."
100000008671081100,terminal,0.728364,2,0.198018,"Признаки конечного узла: depth=3, IN 37k KZT, исходящих контрагентов 0; не boundary depth=4."
100000002908521100,terminal,0.738327,2,0.205497,"Признаки конечного узла: depth=3, IN 44k KZT, исходящих контрагентов 0; не boundary depth=4."
100000000749118100,peripheral,0.413367,1,0.378377,Периферия: 1 входящих и 1 исходящих связей; структурная значимость ниже порогов других ролей.
100000008652094100,terminal,0.724683,1,0.279915,"Признаки конечного узла: depth=3, IN 35k KZT, исходящих контрагентов 0; не boundary depth=4."
100000007647294100,terminal,0.860748,36,0.419574,"Признаки конечного узла: depth=3, IN 385k KZT, исходящих контрагентов 0; не boundary depth=4."
100000003270419100,terminal,0.815943,14,0.501955,"Признаки конечного узла: depth=3, IN 150k KZT, исходящих контрагентов 0; не boundary depth=4."
100000003050771100,terminal,0.838409,14,0.388748,"Признаки конечного узла: depth=3, IN 229k KZT, исходящих контрагентов 0; не boundary depth=4."
100000008427027100,terminal,0.851736,3,0.512398,"Признаки конечного узла: depth=3, IN 300k KZT, исходящих контрагентов 0; не boundary depth=4."
100000004291560100,terminal,0.744293,1,0.291351,"Признаки конечного узла: depth=3, IN 47k KZT, исходящих контрагентов 0; не boundary depth=4."
100000003594472100,terminal,0.680703,32,0.28023,"Признаки конечного узла: depth=3, IN 20k KZT, исходящих контрагентов 0; не boundary depth=4."
100000002575080100,transit,0.768366,16,0.503724,"Признаки транзита: OUT/IN 0.96, same-day match 96%, 1→1 контрагентов."
100000008038077100,terminal,0.870648,5,0.383479,"Признаки конечного узла: depth=3, IN 500k KZT, исходящих контрагентов 0; не boundary depth=4."
100000003899325100,terminal,0.752987,4,0.316861,"Признаки конечного узла: depth=3, IN 50k KZT, исходящих контрагентов 0; не boundary depth=4."
100000001155773100,terminal,0.687366,2,0.171502,"Признаки конечного узла: depth=3, IN 22k KZT, исходящих контрагентов 0; не boundary depth=4."
100000000611474100,terminal,0.719986,23,0.35094,"Признаки конечного узла: depth=3, IN 32k KZT, исходящих контрагентов 0; не boundary depth=4."
100000006704530100,distributor,0.682796,27,0.650717,"Признаки распределения: 3 получателей, OUT 428k KZT, охват 7 seed; fan-out высокий."
100000003996562100,terminal,0.628599,1,0.283138,"Признаки конечного узла: depth=3, IN 8k KZT, исходящих контрагентов 0; не boundary depth=4."
100000002646887100,terminal,0.696378,11,0.288449,"Признаки конечного узла: depth=3, IN 24k KZT, исходящих контрагентов 0; не boundary depth=4."
100000002556775100,terminal,0.851736,5,0.363152,"Признаки конечного узла: depth=3, IN 300k KZT, исходящих контрагентов 0; не boundary depth=4."
100000002722108100,terminal,0.881818,13,0.340921,"Признаки конечного узла: depth=3, IN 800k KZT, исходящих контрагентов 0; не boundary depth=4."
100000002737980100,terminal,0.720875,6,0.300027,"Признаки конечного узла: depth=3, IN 33k KZT, исходящих контрагентов 0; не boundary depth=4."
100000002913340100,terminal,0.692761,2,0.174784,"Признаки конечного узла: depth=3, IN 24k KZT, исходящих контрагентов 0; не boundary depth=4."
100000003610172100,terminal,0.771963,5,0.302975,"Признаки конечного узла: depth=3, IN 70k KZT, исходящих контрагентов 0; не boundary depth=4."
100000001052945100,distributor,0.712405,58,0.648016,"Признаки распределения: 3 получателей, OUT 1.60m KZT, охват 7 seed; fan-out высокий."
100000002369510100,terminal,0.728173,2,0.197864,"Признаки конечного узла: depth=3, IN 37k KZT, исходящих контрагентов 0; не boundary depth=4."
100000001954534100,peripheral,0.307874,1,0.470216,Периферия: 1 входящих и 1 исходящих связей; структурная значимость ниже порогов других ролей.
100000008488166100,peripheral,0.640775,2,0.136106,Периферия: 1 входящих и 0 исходящих связей; структурная значимость ниже порогов других ролей.
100000005100475100,terminal,0.732552,7,0.234359,"Признаки конечного узла: depth=3, IN 40k KZT, исходящих контрагентов 0; не boundary depth=4."
100000002708624100,terminal,0.699361,26,0.313675,"Признаки конечного узла: depth=3, IN 25k KZT, исходящих контрагентов 0; не boundary depth=4."
100000004591973100,terminal,0.191595,12,0.584174,"Признаки конечного узла: depth=3, IN 10k KZT, исходящих контрагентов 1; не boundary depth=4."
100000000802149100,terminal,0.798046,1,0.335801,"Признаки конечного узла: depth=3, IN 104k KZT, исходящих контрагентов 0; не boundary depth=4."
100000003095610100,terminal,0.693205,9,0.285601,"Признаки конечного узла: depth=3, IN 24k KZT, исходящих контрагентов 0; не boundary depth=4."
100000004183610100,peripheral,0.353514,14,0.526262,Периферия: 1 входящих и 1 исходящих связей; структурная значимость ниже порогов других ролей.
100000005198906100,peripheral,0.413367,5,0.458415,Периферия: 1 входящих и 1 исходящих связей; структурная значимость ниже порогов других ролей.
100000008599354100,peripheral,0.376735,1,0.475443,Периферия: 1 входящих и 1 исходящих связей; структурная значимость ниже порогов других ролей.
100000001303311100,terminal,0.992131,18,0.672179,"Признаки конечного узла: depth=3, IN 1.32m KZT, исходящих контрагентов 0; не boundary depth=4."
100000008776420100,terminal,0.770757,2,0.228155,"Признаки конечного узла: depth=3, IN 70k KZT, исходящих контрагентов 0; не boundary depth=4."
100000004737764100,terminal,0.876804,3,0.431749,"Признаки конечного узла: depth=3, IN 600k KZT, исходящих контрагентов 0; не boundary depth=4."
100000003154105100,distributor,0.769694,22,0.705026,"Признаки распределения: 7 получателей, OUT 338k KZT, охват 7 seed; fan-out высокий."
100000008708025100,terminal,0.639261,29,0.278008,"Признаки конечного узла: depth=3, IN 10k KZT, исходящих контрагентов 0; не boundary depth=4."
100000008740793100,terminal,0.686097,2,0.170568,"Признаки конечного узла: depth=3, IN 21k KZT, исходящих контрагентов 0; не boundary depth=4."
100000008459449100,terminal,0.758064,1,0.323133,"Признаки конечного узла: depth=3, IN 54k KZT, исходящих контрагентов 0; не boundary depth=4."
100000008677518100,terminal,0.746387,2,0.210605,"Признаки конечного узла: depth=3, IN 49k KZT, исходящих контрагентов 0; не boundary depth=4."
100000002212494100,terminal,0.819497,32,0.377323,"Признаки конечного узла: depth=3, IN 160k KZT, исходящих контрагентов 0; не boundary depth=4."
100000001825934100,terminal,0.284886,38,0.333334,"Признаки конечного узла: depth=3, IN 40k KZT, исходящих контрагентов 1; не boundary depth=4."
100000003736419100,peripheral,0.413367,1,0.402343,Периферия: 1 входящих и 1 исходящих связей; структурная значимость ниже порогов других ролей.
100000008430691100,peripheral,0.396182,71,0.551084,Периферия: 1 входящих и 2 исходящих связей; структурная значимость ниже порогов других ролей.
100000003073635100,terminal,0.807693,4,0.357623,"Признаки конечного узла: depth=3, IN 129k KZT, исходящих контрагентов 0; не boundary depth=4."
100000001686328100,terminal,0.811945,8,0.44984,"Признаки конечного узла: depth=3, IN 140k KZT, исходящих контрагентов 0; не boundary depth=4."
100000008707810100,terminal,0.705453,2,0.181876,"Признаки конечного узла: depth=3, IN 26k KZT, исходящих контрагентов 0; не boundary depth=4."
100000001236706100,consolidator,0.745514,14,0.654201,"Признаки консолидации: 3 плательщиков, IN 143k KZT, охват 7 seed; набл. OUT/IN 0.25."
100000008536546100,terminal,0.925517,18,0.541421,"Признаки конечного узла: depth=3, IN 250k KZT, исходящих контрагентов 0; не boundary depth=4."
100000007140834100,terminal,0.644021,7,0.320294,"Признаки конечного узла: depth=3, IN 10k KZT, исходящих контрагентов 0; не boundary depth=4."
100000007022818100,terminal,0.668835,2,0.160247,"Признаки конечного узла: depth=3, IN 17k KZT, исходящих контрагентов 0; не boundary depth=4."
100000007484343100,terminal,0.788753,1,0.348366,"Признаки конечного узла: depth=3, IN 27k KZT, исходящих контрагентов 0; не boundary depth=4."
100000001379511100,terminal,0.759841,11,0.331311,"Признаки конечного узла: depth=3, IN 55k KZT, исходящих контрагентов 0; не boundary depth=4."
100000004569484100,coordinator,0.788508,9,0.755561,"Кандидат в координаторы: 2→4 связей, охват 7 seed, betweenness 0.0028; межкластерных связей 2."
100000002948492100,terminal,0.693078,15,0.281055,"Признаки конечного узла: depth=3, IN 24k KZT, исходящих контрагентов 0; не boundary depth=4."
100000002116705100,terminal,0.671247,2,0.161596,"Признаки конечного узла: depth=3, IN 18k KZT, исходящих контрагентов 0; не boundary depth=4."
100000002481974100,consolidator,0.605225,4,0.622693,"Признаки консолидации: 2 плательщиков, IN 89k KZT, охват 7 seed; набл. OUT/IN 3.56."
100000003920950100,terminal,0.854275,7,0.399581,"Признаки конечного узла: depth=3, IN 323k KZT, исходящих контрагентов 0; не boundary depth=4."
100000000733451100,terminal,0.324297,14,0.659133,"Признаки конечного узла: depth=3, IN 70k KZT, исходящих контрагентов 1; не boundary depth=4."
100000005182219100,terminal,0.841682,5,0.439209,"Признаки конечного узла: depth=3, IN 55k KZT, исходящих контрагентов 0; не boundary depth=4."
100000008633099100,transit,0.433128,7,0.404139,"Признаки транзита: OUT/IN 0.69, same-day match 0%, 1→1 контрагентов."
100000001380107100,terminal,0.623205,56,0.348096,"Признаки конечного узла: depth=3, IN 6k KZT, исходящих контрагентов 0; не boundary depth=4."
100000008755168100,terminal,0.671247,2,0.161596,"Признаки конечного узла: depth=3, IN 18k KZT, исходящих контрагентов 0; не boundary depth=4."
100000002628576100,transit,0.716063,5,0.63001,"Признаки транзита: OUT/IN 0.74, same-day match 74%, 2→2 контрагентов."
100000001611488100,terminal,0.963024,5,0.508599,"Признаки конечного узла: depth=3, IN 779k KZT, исходящих контрагентов 0; не boundary depth=4."
100000005375968100,transit,0.406825,1,0.538811,"Признаки транзита: OUT/IN 0.51, same-day match 12%, 1→2 контрагентов."
100000003581109100,terminal,0.73636,1,0.286511,"Признаки конечного узла: depth=3, IN 43k KZT, исходящих контрагентов 0; не boundary depth=4."
100000002933386100,terminal,0.211269,3,0.50109,"Признаки конечного узла: depth=3, IN 15k KZT, исходящих контрагентов 1; не boundary depth=4."
100000002284426100,terminal,0.786179,5,0.312764,"Признаки конечного узла: depth=3, IN 90k KZT, исходящих контрагентов 0; не boundary depth=4."
100000008579978100,peripheral,0.413367,5,0.418339,Периферия: 1 входящих и 1 исходящих связей; структурная значимость ниже порогов других ролей.
100000001549194100,terminal,0.742199,15,0.314537,"Признаки конечного узла: depth=3, IN 46k KZT, исходящих контрагентов 0; не boundary depth=4."
100000001427082100,distributor,0.702229,22,0.662844,"Признаки распределения: 5 получателей, OUT 125k KZT, охват 7 seed; fan-out высокий."
100000004657034100,terminal,0.813214,5,0.331667,"Признаки конечного узла: depth=3, IN 141k KZT, исходящих контрагентов 0; не boundary depth=4."
100000003796063100,coordinator,0.869005,5,0.843454,"Кандидат в координаторы: 1→15 связей, охват 7 seed, betweenness 0.0012; межкластерных связей 10."
100000005268319100,distributor,0.677374,1,0.616481,"Признаки распределения: 5 получателей, OUT 91k KZT, охват 7 seed; fan-out высокий."
100000008744799100,terminal,0.650431,2,0.149409,"Признаки конечного узла: depth=3, IN 13k KZT, исходящих контрагентов 0; не boundary depth=4."
100000008677215100,terminal,0.632534,23,0.272053,"Признаки конечного узла: depth=3, IN 9k KZT, исходящих контрагентов 0; не boundary depth=4."
100000007593823100,coordinator,0.754286,1,0.732589,"Кандидат в координаторы: 3→13 связей, охват 7 seed, betweenness 0.0007; межкластерных связей 6."
100000001282143100,terminal,0.9934,13,0.68048,"Признаки конечного узла: depth=3, IN 1.70m KZT, исходящих контрагентов 0; не boundary depth=4."
100000008029279100,terminal,0.667185,4,0.260295,"Признаки конечного узла: depth=3, IN 17k KZT, исходящих контрагентов 0; не boundary depth=4."
100000000594783100,peripheral,0.026023,24,0.41195,Периферия: 1 входящих и 2 исходящих связей; структурная значимость ниже порогов других ролей.
100000002705460100,terminal,0.790431,6,0.382912,"Признаки конечного узла: depth=3, IN 95k KZT, исходящих контрагентов 0; не boundary depth=4."
100000002952756100,terminal,0.743277,10,0.245329,"Признаки конечного узла: depth=3, IN 47k KZT, исходящих контрагентов 0; не boundary depth=4."
100000004634420100,terminal,0.704438,2,0.181181,"Признаки конечного узла: depth=3, IN 26k KZT, исходящих контрагентов 0; не boundary depth=4."
100000000583220100,peripheral,0.413367,68,0.525708,Периферия: 1 входящих и 1 исходящих связей; структурная значимость ниже порогов других ролей.
100000003286537100,terminal,0.899497,8,0.496266,"Признаки конечного узла: depth=3, IN 153k KZT, исходящих контрагентов 0; не boundary depth=4."
100000002958345100,terminal,0.853513,13,0.308388,"Признаки конечного узла: depth=3, IN 307k KZT, исходящих контрагентов 0; не boundary depth=4."
100000005055454100,terminal,0.624918,30,0.203373,"Признаки конечного узла: depth=3, IN 6k KZT, исходящих контрагентов 0; не boundary depth=4."
100000008738526100,terminal,0.211269,18,0.52273,"Признаки конечного узла: depth=3, IN 15k KZT, исходящих контрагентов 1; не boundary depth=4."
100000001298099100,terminal,0.675752,9,0.274545,"Признаки конечного узла: depth=3, IN 19k KZT, исходящих контрагентов 0; не boundary depth=4."
100000006491272100,terminal,0.705453,2,0.181876,"Признаки конечного узла: depth=3, IN 26k KZT, исходящих контрагентов 0; не boundary depth=4."
100000000552584100,terminal,0.44291,24,0.421235,"Признаки конечного узла: depth=3, IN 2.50m KZT, исходящих контрагентов 1; не boundary depth=4."
100000005187208100,terminal,0.655381,5,0.286906,"Признаки конечного узла: depth=3, IN 14k KZT, исходящих контрагентов 0; не boundary depth=4."
100000003528285100,distributor,0.691678,3,0.750928,"Признаки распределения: 4 получателей, OUT 548k KZT, охват 7 seed; fan-out высокий."
100000001484381100,terminal,0.872652,9,0.426488,"Признаки конечного узла: depth=3, IN 96k KZT, исходящих контрагентов 0; не boundary depth=4."
100000002508637100,peripheral,0.491637,4,0.336198,Периферия: 1 входящих и 1 исходящих связей; структурная значимость ниже порогов других ролей.
100000003149149100,terminal,0.842597,5,0.355307,"Признаки конечного узла: depth=3, IN 245k KZT, исходящих контрагентов 0; не boundary depth=4."
100000001538095100,terminal,0.930277,13,0.565578,"Признаки конечного узла: depth=3, IN 280k KZT, исходящих контрагентов 0; не boundary depth=4."
100000008695133100,terminal,0.727221,2,0.197308,"Признаки конечного узла: depth=3, IN 37k KZT, исходящих контрагентов 0; не boundary depth=4."
100000008749405100,terminal,0.728173,2,0.197864,"Признаки конечного узла: depth=3, IN 37k KZT, исходящих контрагентов 0; не boundary depth=4."
100000005815602100,terminal,0.233037,6,0.506903,"Признаки конечного узла: depth=3, IN 20k KZT, исходящих контрагентов 1; не boundary depth=4."
100000006641671100,transit,0.592397,4,0.468177,"Признаки транзита: OUT/IN 1.14, same-day match 80%, 2→1 контрагентов."
100000002945031100,terminal,0.658935,14,0.263145,"Признаки конечного узла: depth=3, IN 15k KZT, исходящих контрагентов 0; не boundary depth=4."
100000003497735100,terminal,0.80636,19,0.353722,"Признаки конечного узла: depth=3, IN 125k KZT, исходящих контрагентов 0; не boundary depth=4."
100000004644615100,peripheral,0.296664,10,0.374022,Периферия: 1 входящих и 2 исходящих связей; структурная значимость ниже порогов других ролей.
100000002755292100,terminal,0.834347,5,0.348119,"Признаки конечного узла: depth=3, IN 203k KZT, исходящих контрагентов 0; не boundary depth=4."
100000005142492100,terminal,0.191595,7,0.408818,"Признаки конечного узла: depth=3, IN 10k KZT, исходящих контрагентов 1; не boundary depth=4."
100000002893020100,terminal,0.674674,9,0.273559,"Признаки конечного узла: depth=3, IN 18k KZT, исходящих контрагентов 0; не boundary depth=4."
100000004500444100,consolidator,0.734397,15,0.559525,"Признаки консолидации: 2 плательщиков, IN 180k KZT, охват 7 seed; набл. OUT/IN 0.41."
100000008454065100,terminal,0.696061,15,0.282647,"Признаки конечного узла: depth=3, IN 24k KZT, исходящих контрагентов 0; не boundary depth=4."
100000008416433100,terminal,0.680703,15,0.273024,"Признаки конечного узла: depth=3, IN 20k KZT, исходящих контрагентов 0; не boundary depth=4."
100000005265073100,transit,0.423147,21,0.497513,"Признаки транзита: OUT/IN 1.80, same-day match 0%, 1→1 контрагентов."
100000006734214100,consolidator,0.81296,5,0.748829,"Признаки консолидации: 5 плательщиков, IN 610k KZT, охват 7 seed; набл. OUT/IN 0.06."
100000002611334100,peripheral,0.413367,1,0.439796,Периферия: 1 входящих и 1 исходящих связей; структурная значимость ниже порогов других ролей.
100000006225798100,consolidator,0.813927,17,0.680122,"Признаки консолидации: 3 плательщиков, IN 722k KZT, охват 7 seed; набл. OUT/IN 0.04."
100000002849158100,consolidator,0.804748,8,0.723871,"Признаки консолидации: 3 плательщиков, IN 723k KZT, охват 9 seed; набл. OUT/IN 1.82."
100000008686214100,terminal,0.699361,4,0.293377,"Признаки конечного узла: depth=3, IN 25k KZT, исходящих контрагентов 0; не boundary depth=4."
100000004931931100,peripheral,0.413367,1,0.422488,Периферия: 1 входящих и 1 исходящих связей; структурная значимость ниже порогов других ролей.
100000007510875100,terminal,0.615462,8,0.186818,"Признаки конечного узла: depth=3, IN 5k KZT, исходящих контрагентов 0; не boundary depth=4."
100000005233755100,peripheral,0.413367,17,0.399262,Периферия: 1 входящих и 1 исходящих связей; структурная значимость ниже порогов других ролей.
100000008042075100,peripheral,0.640775,24,0.151838,Периферия: 1 входящих и 0 исходящих связей; структурная значимость ниже порогов других ролей.
100000001680944100,terminal,0.861383,18,0.484985,"Признаки конечного узла: depth=3, IN 393k KZT, исходящих контрагентов 0; не boundary depth=4."
100000008417029100,terminal,0.794492,8,0.436031,"Признаки конечного узла: depth=3, IN 100k KZT, исходящих контрагентов 0; не boundary depth=4."
100000004975919100,transit,0.428245,4,0.480491,"Признаки транзита: OUT/IN 0.67, same-day match 0%, 1→2 контрагентов."
100000003087877100,terminal,0.787765,4,0.228166,"Признаки конечного узла: depth=3, IN 91k KZT, исходящих контрагентов 0; не boundary depth=4."
100000008295429100,terminal,0.857702,5,0.369315,"Признаки конечного узла: depth=3, IN 352k KZT, исходящих контрагентов 0; не boundary depth=4."
100000003254277100,transit,0.718964,1,0.44025,"Признаки транзита: OUT/IN 0.91, same-day match 91%, 1→1 контрагентов."
100000005314565100,terminal,0.836695,1,0.388448,"Признаки конечного узла: depth=3, IN 218k KZT, исходящих контрагентов 0; не boundary depth=4."
100000002951898100,terminal,0.731537,15,0.30751,"Признаки конечного узла: depth=3, IN 40k KZT, исходящих контрагентов 0; не boundary depth=4."
100000001009583100,terminal,0.861763,5,0.373086,"Признаки конечного узла: depth=3, IN 394k KZT, исходящих контрагентов 0; не boundary depth=4."
100000004064431100,peripheral,0.540775,25,0.267151,Периферия: 1 входящих и 1 исходящих связей; структурная значимость ниже порогов других ролей.
100000001927599100,terminal,0.909714,9,0.534173,"Признаки конечного узла: depth=3, IN 188k KZT, исходящих контрагентов 0; не boundary depth=4."
100000007737775100,terminal,0.623205,34,0.338234,"Признаки конечного узла: depth=3, IN 6k KZT, исходящих контрагентов 0; не boundary depth=4."
100000003157679100,terminal,0.976306,8,0.619463,"Признаки конечного узла: depth=3, IN 541k KZT, исходящих контрагентов 0; не boundary depth=4."
100000001229743100,transit,0.458428,1,0.373383,"Признаки транзита: OUT/IN 1.29, same-day match 0%, 1→1 контрагентов."
100000003795588100,terminal,0.862715,1,0.391427,"Признаки конечного узла: depth=3, IN 400k KZT, исходящих контрагентов 0; не boundary depth=4."
100000002301828100,terminal,0.74296,17,0.305786,"Признаки конечного узла: depth=3, IN 47k KZT, исходящих контрагентов 0; не boundary depth=4."
100000005409156100,terminal,0.927103,5,0.468526,"Признаки конечного узла: depth=3, IN 260k KZT, исходящих контрагентов 0; не boundary depth=4."
100000002513028100,distributor,0.675854,61,0.635903,"Признаки распределения: 3 получателей, OUT 333k KZT, охват 7 seed; fan-out высокий."
100000003218308100,terminal,0.646369,1,0.241368,"Признаки конечного узла: depth=3, IN 11k KZT, исходящих контрагентов 0; не boundary depth=4."
100000008489604100,terminal,0.645671,2,0.146806,"Признаки конечного узла: depth=3, IN 11k KZT, исходящих контрагентов 0; не boundary depth=4."
100000004450649100,consolidator,0.724458,5,0.681751,"Признаки консолидации: 2 плательщиков, IN 193k KZT, охват 7 seed; набл. OUT/IN 0.24."
100000008767065100,terminal,0.639261,18,0.328726,"Признаки конечного узла: depth=3, IN 10k KZT, исходящих контрагентов 0; не boundary depth=4."
100000003035737100,consolidator,0.819437,5,0.581528,"Признаки консолидации: 2 плательщиков, IN 809k KZT, охват 7 seed; набл. OUT/IN 0.01."
100000002748761100,terminal,0.881691,13,0.340779,"Признаки конечного узла: depth=3, IN 797k KZT, исходящих контрагентов 0; не boundary depth=4."
100000008432942100,terminal,0.738518,1,0.288084,"Признаки конечного узла: depth=3, IN 45k KZT, исходящих контрагентов 0; не boundary depth=4."
100000004278574100,peripheral,0.413367,5,0.388002,Периферия: 1 входящих и 1 исходящих связей; структурная значимость ниже порогов других ролей.
100000000926766100,peripheral,0.413367,26,0.354275,Периферия: 1 входящих и 1 исходящих связей; структурная значимость ниже порогов других ролей.
100000008661550100,terminal,0.689905,2,0.172847,"Признаки конечного узла: depth=3, IN 23k KZT, исходящих контрагентов 0; не boundary depth=4."
100000000783406100,terminal,0.624093,36,0.245917,"Признаки конечного узла: depth=3, IN 6k KZT, исходящих контрагентов 0; не boundary depth=4."
100000008730371100,terminal,0.954837,1,0.503399,"Признаки конечного узла: depth=3, IN 520k KZT, исходящих контрагентов 0; не boundary depth=4."
100000002878467100,terminal,0.914347,11,0.513747,"Признаки конечного узла: depth=3, IN 200k KZT, исходящих контрагентов 0; не boundary depth=4."
100000003171587100,consolidator,0.711383,5,0.637695,"Признаки консолидации: 2 плательщиков, IN 700k KZT, охват 7 seed; набл. OUT/IN 0.62."
100000002696152100,peripheral,0.032028,34,0.597788,Периферия: 1 входящих и 2 исходящих связей; структурная значимость ниже порогов других ролей.
100000002109656100,terminal,0.871283,13,0.326995,"Признаки конечного узла: depth=3, IN 500k KZT, исходящих контрагентов 0; не boundary depth=4."
100000001317336100,peripheral,0.349511,32,0.599534,Периферия: 1 входящих и 2 исходящих связей; структурная значимость ниже порогов других ролей.
100000005222360100,terminal,0.167797,15,0.619002,"Признаки конечного узла: depth=3, IN 5k KZT, исходящих контрагентов 1; не boundary depth=4."
100000001445848100,terminal,0.42641,36,0.469995,"Признаки конечного узла: depth=3, IN 546k KZT, исходящих контрагентов 1; не boundary depth=4."
100000008720856100,peripheral,0.413367,5,0.471192,Периферия: 1 входящих и 1 исходящих связей; структурная значимость ниже порогов других ролей.
100000002448088100,consolidator,0.603241,22,0.558497,"Признаки консолидации: 3 плательщиков, IN 20k KZT, охват 7 seed; набл. OUT/IN 1.25."
100000003109805100,terminal,0.727475,17,0.29488,"Признаки конечного узла: depth=3, IN 37k KZT, исходящих контрагентов 0; не boundary depth=4."
100000008223661100,coordinator,0.752787,11,0.829824,"Кандидат в координаторы: 2→5 связей, охват 8 seed, betweenness 0.0003; межкластерных связей 4."
100000004096559100,terminal,0.741564,7,0.270479,"Признаки конечного узла: depth=3, IN 46k KZT, исходящих контрагентов 0; не boundary depth=4."
100000002257794100,terminal,0.818101,25,0.306008,"Признаки конечного узла: depth=3, IN 154k KZT, исходящих контрагентов 0; не boundary depth=4."
100000003112578100,terminal,0.797158,13,0.262323,"Признаки конечного узла: depth=3, IN 101k KZT, исходящих контрагентов 0; не boundary depth=4."
100000007020162100,terminal,0.78383,15,0.344845,"Признаки конечного узла: depth=3, IN 86k KZT, исходящих контрагентов 0; не boundary depth=4."
100000001934935100,terminal,0.804646,1,0.333911,"Признаки конечного узла: depth=3, IN 119k KZT, исходящих контрагентов 0; не boundary depth=4."
100000002663511100,terminal,0.846786,1,0.375433,"Признаки конечного узла: depth=3, IN 269k KZT, исходящих контрагентов 0; не boundary depth=4."
100000003338583100,terminal,0.68762,25,0.175911,"Признаки конечного узла: depth=3, IN 22k KZT, исходящих контрагентов 0; не boundary depth=4."
100000002904919100,peripheral,0.413367,1,0.419279,Периферия: 1 входящих и 1 исходящих связей; структурная значимость ниже порогов других ролей.
100000005127767100,terminal,0.626759,39,0.296089,"Признаки конечного узла: depth=3, IN 7k KZT, исходящих контрагентов 0; не boundary depth=4."
100000004066647100,terminal,0.754257,19,0.313483,"Признаки конечного узла: depth=3, IN 51k KZT, исходящих контрагентов 0; не boundary depth=4."
100000002394199100,terminal,0.400136,7,0.365042,"Признаки конечного узла: depth=3, IN 277k KZT, исходящих контрагентов 1; не boundary depth=4."
100000003968044100,distributor,0.675527,4,0.656917,"Признаки распределения: 3 получателей, OUT 311k KZT, охват 7 seed; fan-out высокий."
100000001808684100,transit,0.550104,7,0.340292,"Признаки транзита: OUT/IN 0.78, same-day match 62%, 1→1 контрагентов."
100000008097580100,terminal,0.801827,4,0.444986,"Признаки конечного узла: depth=3, IN 32k KZT, исходящих контрагентов 0; не boundary depth=4."
100000008687617100,terminal,0.736868,2,0.204395,"Признаки конечного узла: depth=3, IN 43k KZT, исходящих контрагентов 0; не boundary depth=4."
100000005667841100,terminal,0.90908,11,0.509584,"Признаки конечного узла: depth=3, IN 186k KZT, исходящих контрагентов 0; не boundary depth=4."
100000001329153100,terminal,0.817085,1,0.343511,"Признаки конечного узла: depth=3, IN 151k KZT, исходящих контрагентов 0; не boundary depth=4."
100000007689942100,peripheral,0.050245,19,0.485861,Периферия: 1 входящих и 2 исходящих связей; структурная значимость ниже порогов других ролей.
100000006476758100,terminal,0.619524,10,0.369794,"Признаки конечного узла: depth=3, IN 5k KZT, исходящих контрагентов 0; не boundary depth=4."
100000002184107100,terminal,0.624093,36,0.245917,"Признаки конечного узла: depth=3, IN 6k KZT, исходящих контрагентов 0; не boundary depth=4."
100000008663723100,terminal,0.662869,2,0.156238,"Признаки конечного узла: depth=3, IN 16k KZT, исходящих контрагентов 0; не boundary depth=4."
100000000254336100,consolidator,0.687975,1,0.481555,"Признаки консолидации: 2 плательщиков, IN 97k KZT, охват 7 seed; набл. OUT/IN 0.62."
100000008750464100,peripheral,0.640775,2,0.140388,Периферия: 1 входящих и 0 исходящих связей; структурная значимость ниже порогов других ролей.
100000001530709100,terminal,0.758445,1,0.29946,"Признаки конечного узла: depth=3, IN 54k KZT, исходящих контрагентов 0; не boundary depth=4."
100000000656682100,transit,0.493162,1,0.519237,"Признаки транзита: OUT/IN 1.13, same-day match 0%, 1→2 контрагентов."
100000008755754100,peripheral,0.640775,13,0.163572,Периферия: 1 входящих и 0 исходящих связей; структурная значимость ниже порогов других ролей.
100000002691583100,terminal,0.849578,27,0.391971,"Признаки конечного узла: depth=3, IN 285k KZT, исходящих контрагентов 0; не boundary depth=4."
100000005241556100,terminal,0.794492,18,0.454634,"Признаки конечного узла: depth=3, IN 100k KZT, исходящих контрагентов 0; не boundary depth=4."
100000004713684100,terminal,0.728681,1,0.282371,"Признаки конечного узла: depth=3, IN 38k KZT, исходящих контрагентов 0; не boundary depth=4."
100000006919124100,terminal,0.699361,1,0.266594,"Признаки конечного узла: depth=3, IN 25k KZT, исходящих контрагентов 0; не boundary depth=4."
100000003006633100,terminal,0.639261,36,0.259572,"Признаки конечного узла: depth=3, IN 10k KZT, исходящих контрагентов 0; не boundary depth=4."
100000008306857100,terminal,0.80636,13,0.270595,"Признаки конечного узла: depth=3, IN 125k KZT, исходящих контрагентов 0; не boundary depth=4."
100000003671721100,terminal,0.615462,9,0.392334,"Признаки конечного узла: depth=3, IN 5k KZT, исходящих контрагентов 0; не boundary depth=4."
100000002613929100,terminal,0.710086,8,0.421236,"Признаки конечного узла: depth=3, IN 29k KZT, исходящих контрагентов 0; не boundary depth=4."
100000008669310100,terminal,0.763141,1,0.303636,"Признаки конечного узла: depth=3, IN 60k KZT, исходящих контрагентов 0; не boundary depth=4."
100000006573438100,terminal,0.615462,42,0.259363,"Признаки конечного узла: depth=3, IN 5k KZT, исходящих контрагентов 0; не boundary depth=4."
100000006165886100,consolidator,0.736046,1,0.455132,"Признаки консолидации: 2 плательщиков, IN 184k KZT, охват 7 seed; набл. OUT/IN 0.41."
100000008491390100,terminal,0.726777,1,0.281109,"Признаки конечного узла: depth=3, IN 36k KZT, исходящих контрагентов 0; не boundary depth=4."
100000005186131100,transit,0.765095,1,0.393443,"Признаки транзита: OUT/IN 1.00, same-day match 100%, 1→1 контрагентов."
100000001550419100,terminal,0.690349,15,0.279415,"Признаки конечного узла: depth=3, IN 23k KZT, исходящих контрагентов 0; не boundary depth=4."
100000004979283100,terminal,0.733694,9,0.313165,"Признаки конечного узла: depth=3, IN 40k KZT, исходящих контрагентов 0; не boundary depth=4."
100000002537811100,terminal,0.30767,10,0.640854,"Признаки конечного узла: depth=3, IN 52k KZT, исходящих контрагентов 1; не boundary depth=4."
100000002990675100,terminal,0.754637,5,0.2928,"Признаки конечного узла: depth=3, IN 51k KZT, исходящих контрагентов 0; не boundary depth=4."
100000008763688100,terminal,0.686097,2,0.170568,"Признаки конечного узла: depth=3, IN 21k KZT, исходящих контрагентов 0; не boundary depth=4."
100000002809896100,terminal,0.729442,9,0.310345,"Признаки конечного узла: depth=3, IN 38k KZT, исходящих контрагентов 0; не boundary depth=4."
100000008716072100,terminal,0.648527,2,0.14847,"Признаки конечного узла: depth=3, IN 12k KZT, исходящих контрагентов 0; не boundary depth=4."
100000001279272100,coordinator,0.686498,1,0.675085,"Кандидат в координаторы: 1→2 связей, охват 7 seed, betweenness 0.0003; межкластерных связей 1."
100000001714173100,terminal,0.87801,18,0.517302,"Признаки конечного узла: depth=3, IN 639k KZT, исходящих контрагентов 0; не boundary depth=4."
100000008729597100,terminal,0.781673,4,0.33777,"Признаки конечного узла: depth=3, IN 83k KZT, исходящих контрагентов 0; не boundary depth=4."
100000002255058100,terminal,0.870014,3,0.314717,"Признаки конечного узла: depth=3, IN 492k KZT, исходящих контрагентов 0; не boundary depth=4."
100000006111442100,terminal,0.767013,11,0.39296,"Признаки конечного узла: depth=3, IN 64k KZT, исходящих контрагентов 0; не boundary depth=4."
100000008686247100,peripheral,0.447198,24,0.26095,Периферия: 1 входящих и 1 исходящих связей; структурная значимость ниже порогов других ролей.
100000001893287100,terminal,0.225548,7,0.328381,"Признаки конечного узла: depth=3, IN 18k KZT, исходящих контрагентов 1; не boundary depth=4."
100000005172860100,terminal,0.661346,1,0.26591,"Признаки конечного узла: depth=3, IN 15k KZT, исходящих контрагентов 0; не boundary depth=4."
100000001788284100,distributor,0.72475,26,0.618113,"Признаки распределения: 5 получателей, OUT 297k KZT, охват 7 seed; fan-out высокий."
100000008755580100,terminal,0.664583,2,0.157459,"Признаки конечного узла: depth=3, IN 16k KZT, исходящих контрагентов 0; не boundary depth=4."
100000003896956100,peripheral,0.413367,6,0.394437,Периферия: 1 входящих и 1 исходящих связей; структурная значимость ниже порогов других ролей.
100000002475601100,terminal,0.839551,4,0.268939,"Признаки конечного узла: depth=3, IN 232k KZT, исходящих контрагентов 0; не boundary depth=4."
100000008619857100,peripheral,0.396182,1,0.397148,Периферия: 1 входящих и 2 исходящих связей; структурная значимость ниже порогов других ролей.
100000001373265100,peripheral,0.413367,4,0.466174,Периферия: 1 входящих и 1 исходящих связей; структурная значимость ниже порогов других ролей.
100000004185681100,terminal,0.639261,3,0.309856,"Признаки конечного узла: depth=3, IN 10k KZT, исходящих контрагентов 0; не boundary depth=4."
100000003031633100,terminal,0.863731,8,0.459604,"Признаки конечного узла: depth=3, IN 414k KZT, исходящих контрагентов 0; не boundary depth=4."
100000002632742100,terminal,0.922153,11,0.539878,"Признаки конечного узла: depth=3, IN 236k KZT, исходящих контрагентов 0; не boundary depth=4."
100000005847078100,terminal,0.665345,2,0.15817,"Признаки конечного узла: depth=3, IN 16k KZT, исходящих контрагентов 0; не boundary depth=4."
100000002807334100,terminal,0.75908,5,0.295477,"Признаки конечного узла: depth=3, IN 55k KZT, исходящих контрагентов 0; не boundary depth=4."
100000008748795100,terminal,0.743722,1,0.291082,"Признаки конечного узла: depth=3, IN 47k KZT, исходящих контрагентов 0; не boundary depth=4."
100000003899899100,consolidator,0.785664,6,0.574007,"Признаки консолидации: 2 плательщиков, IN 218k KZT, охват 7 seed; набл. OUT/IN 0.05."
100000002308091100,terminal,0.827366,13,0.304076,"Признаки конечного узла: depth=3, IN 187k KZT, исходящих контрагентов 0; не boundary depth=4."
100000008680912100,terminal,0.292883,1,0.394568,"Признаки конечного узла: depth=3, IN 45k KZT, исходящих контрагентов 1; не boundary depth=4."
100000008742053100,distributor,0.876145,13,0.792479,"Признаки распределения: 12 получателей, OUT 2.79m KZT, охват 8 seed; fan-out высокий."
100000008473765100,terminal,0.714275,4,0.289079,"Признаки конечного узла: depth=3, IN 30k KZT, исходящих контрагентов 0; не boundary depth=4."
100000007472293100,distributor,0.723759,48,0.680014,"Признаки распределения: 3 получателей, OUT 346k KZT, охват 9 seed; fan-out высокий."
100000008753061100,terminal,0.709705,2,0.18493,"Признаки конечного узла: depth=3, IN 28k KZT, исходящих контрагентов 0; не boundary depth=4."
100000008501413100,transit,0.551266,34,0.530097,"Признаки транзита: OUT/IN 1.02, same-day match 0%, 1→1 контрагентов."
100000002748581100,terminal,0.735091,15,0.30941,"Признаки конечного узла: depth=3, IN 41k KZT, исходящих контрагентов 0; не boundary depth=4."
100000001384826100,peripheral,0.413367,5,0.471269,Периферия: 1 входящих и 1 исходящих связей; структурная значимость ниже порогов других ролей.
100000004099450100,terminal,0.717892,1,0.299686,"Признаки конечного узла: depth=3, IN 31k KZT, исходящих контрагентов 0; не boundary depth=4."
100000002926970100,terminal,0.782942,9,0.348702,"Признаки конечного узла: depth=3, IN 85k KZT, исходящих контрагентов 0; не boundary depth=4."
100000002753146100,terminal,0.881945,13,0.341118,"Признаки конечного узла: depth=3, IN 804k KZT, исходящих контрагентов 0; не boundary depth=4."
100000003943247100,terminal,0.732552,1,0.284483,"Признаки конечного узла: depth=3, IN 40k KZT, исходящих контрагентов 0; не boundary depth=4."
100000002872399100,terminal,0.885245,7,0.341562,"Признаки конечного узла: depth=3, IN 1.09m KZT, исходящих контрагентов 0; не boundary depth=4."
100000008417359100,peripheral,0.396182,17,0.394343,Периферия: 1 входящих и 2 исходящих связей; структурная значимость ниже порогов других ролей.
100000002614095100,peripheral,0.640775,2,0.135354,Периферия: 1 входящих и 0 исходящих связей; структурная значимость ниже порогов других ролей.
100000004717647100,distributor,0.779326,45,0.707733,"Признаки распределения: 5 получателей, OUT 2.24m KZT, охват 7 seed; fan-out высокий."
100000008537380100,peripheral,0.640775,2,0.139584,Периферия: 1 входящих и 0 исходящих связей; структурная значимость ниже порогов других ролей.
100000001534244100,consolidator,0.850004,8,0.658114,"Признаки консолидации: 2 плательщиков, IN 366k KZT, охват 8 seed; набл. OUT/IN 0.12."
100000008767950100,terminal,0.669343,2,0.160751,"Признаки конечного узла: depth=3, IN 17k KZT, исходящих контрагентов 0; не boundary depth=4."
100000004613582100,transit,0.331737,7,0.272663,"Признаки транзита: OUT/IN 1.90, same-day match 0%, 1→1 контрагентов."
100000008121806100,coordinator,0.743129,4,0.724894,"Кандидат в координаторы: 1→4 связей, охват 7 seed, betweenness 0.0008; межкластерных связей 2."
100000002369443100,terminal,0.750576,2,0.212833,"Признаки конечного узла: depth=3, IN 50k KZT, исходящих контрагентов 0; не boundary depth=4."
100000008655779100,transit,0.408804,29,0.572619,"Признаки транзита: OUT/IN 0.53, same-day match 0%, 1→2 контрагентов."
100000008561016100,transit,0.756131,8,0.622745,"Признаки транзита: OUT/IN 1.03, same-day match 84%, 1→1 контрагентов."
100000002727288100,terminal,0.664583,16,0.306572,"Признаки конечного узла: depth=3, IN 16k KZT, исходящих контрагентов 0; не boundary depth=4."
100000001270349100,terminal,0.832507,28,0.285956,"Признаки конечного узла: depth=3, IN 200k KZT, исходящих контрагентов 0; не boundary depth=4."
100000004722765100,distributor,0.719371,47,0.674834,"Признаки распределения: 3 получателей, OUT 2.28m KZT, охват 7 seed; fan-out высокий."
100000001677389100,peripheral,0.413367,17,0.371394,Периферия: 1 входящих и 1 исходящих связей; структурная значимость ниже порогов других ролей.
100000005857058100,terminal,0.876301,1,0.473588,"Признаки конечного узла: depth=3, IN 80k KZT, исходящих контрагентов 0; не boundary depth=4."
100000008760098100,terminal,0.179093,18,0.497397,"Признаки конечного узла: depth=3, IN 7k KZT, исходящих контрагентов 1; не boundary depth=4."
100000002838519100,terminal,0.742706,15,0.314868,"Признаки конечного узла: depth=3, IN 47k KZT, исходящих контрагентов 0; не boundary depth=4."
100000002597623100,terminal,0.665662,1,0.251123,"Признаки конечного узла: depth=3, IN 16k KZT, исходящих контрагентов 0; не boundary depth=4."
100000003635660100,terminal,0.675308,1,0.268814,"Признаки конечного узла: depth=3, IN 19k KZT, исходящих контрагентов 0; не boundary depth=4."
100000008676812100,terminal,0.839044,19,0.397362,"Признаки конечного узла: depth=3, IN 231k KZT, исходящих контрагентов 0; не boundary depth=4."
100000003213473100,distributor,0.769764,1,0.686384,"Признаки распределения: 11 получателей, OUT 240k KZT, охват 7 seed; fan-out высокий."
100000003071649100,terminal,0.828255,8,0.439794,"Признаки конечного узла: depth=3, IN 190k KZT, исходящих контрагентов 0; не boundary depth=4."
100000002433697100,transit,0.682018,5,0.465514,"Признаки транзита: OUT/IN 0.85, same-day match 85%, 1→1 контрагентов."
100000008612257100,terminal,0.633803,17,0.240544,"Признаки конечного узла: depth=3, IN 10k KZT, исходящих контрагентов 0; не boundary depth=4."
100000002736033100,peripheral,0.413367,17,0.417731,Периферия: 1 входящих и 1 исходящих связей; структурная значимость ниже порогов других ролей.
100000008687990100,terminal,0.671247,2,0.161596,"Признаки конечного узла: depth=3, IN 18k KZT, исходящих контрагентов 0; не boundary depth=4."
100000008776310100,terminal,0.676324,2,0.164715,"Признаки конечного узла: depth=3, IN 19k KZT, исходящих контрагентов 0; не boundary depth=4."
100000007267915100,consolidator,0.6372,17,0.449317,"Признаки консолидации: 2 плательщиков, IN 21k KZT, охват 7 seed; набл. OUT/IN 0.48."
100000004217419100,consolidator,0.762409,4,0.577607,"Признаки консолидации: 2 плательщиков, IN 118k KZT, охват 7 seed; набл. OUT/IN 0.07."
100000002773323100,consolidator,0.738475,11,0.658907,"Признаки консолидации: 2 плательщиков, IN 285k KZT, охват 8 seed; набл. OUT/IN 4.11."
100000002528544100,terminal,0.829524,4,0.260542,"Признаки конечного узла: depth=3, IN 193k KZT, исходящих контрагентов 0; не boundary depth=4."
100000003760160100,terminal,0.798173,5,0.32069,"Признаки конечного узла: depth=3, IN 104k KZT, исходящих контрагентов 0; не boundary depth=4."
100000000640800100,distributor,0.742083,4,0.685088,"Признаки распределения: 4 получателей, OUT 518k KZT, охват 7 seed; fan-out высокий."
100000008238112100,terminal,0.828509,5,0.344369,"Признаки конечного узла: depth=3, IN 190k KZT, исходящих контрагентов 0; не boundary depth=4."
100000008751349100,terminal,0.64675,27,0.248509,"Признаки конечного узла: depth=3, IN 12k KZT, исходящих контрагентов 0; не boundary depth=4."
100000002963189100,distributor,0.813392,15,0.720031,"Признаки распределения: 7 получателей, OUT 5.22m KZT, охват 7 seed; fan-out высокий."
100000008548853100,terminal,0.654429,2,0.15187,"Признаки конечного узла: depth=3, IN 14k KZT, исходящих контрагентов 0; не boundary depth=4."
100000003164661100,terminal,0.876487,30,0.33221,"Признаки конечного узла: depth=3, IN 596k KZT, исходящих контрагентов 0; не boundary depth=4."
100000000791285100,distributor,0.683393,27,0.649173,"Признаки распределения: 3 получателей, OUT 650k KZT, охват 7 seed; fan-out высокий."
100000003192309100,peripheral,0.540775,2,0.311067,Периферия: 1 входящих и 1 исходящих связей; структурная значимость ниже порогов других ролей.
100000002891765100,terminal,0.76073,15,0.326812,"Признаки конечного узла: depth=3, IN 56k KZT, исходящих контрагентов 0; не boundary depth=4."
100000001740277100,transit,0.340079,7,0.248092,"Признаки транзита: OUT/IN 0.57, same-day match 0%, 1→1 контрагентов."
100000002232266100,terminal,0.739597,4,0.307982,"Признаки конечного узла: depth=3, IN 45k KZT, исходящих контрагентов 0; не boundary depth=4."
100000006701983100,terminal,0.707548,2,0.183364,"Признаки конечного узла: depth=3, IN 27k KZT, исходящих контрагентов 0; не boundary depth=4."
100000002871199100,terminal,0.69092,15,0.279951,"Признаки конечного узла: depth=3, IN 23k KZT, исходящих контрагентов 0; не boundary depth=4."
100000002757791100,terminal,0.774501,28,0.24336,"Признаки конечного узла: depth=3, IN 73k KZT, исходящих контрагентов 0; не boundary depth=4."
100000000572276100,peripheral,0.540775,2,0.270384,Периферия: 1 входящих и 1 исходящих связей; структурная значимость ниже порогов других ролей.
100000001853812100,terminal,0.771963,4,0.330279,"Признаки конечного узла: depth=3, IN 70k KZT, исходящих контрагентов 0; не boundary depth=4."
100000004726132100,peripheral,0.413367,1,0.487215,Периферия: 1 входящих и 1 исходящих связей; структурная значимость ниже порогов других ролей.
100000001785161100,terminal,0.796115,31,0.392159,"Признаки конечного узла: depth=3, IN 30k KZT, исходящих контрагентов 0; не boundary depth=4."
100000002612809100,distributor,0.518094,38,0.388338,"Признаки распределения: 3 получателей, OUT 114k KZT, охват 1 seed; fan-out высокий."
100000008769097100,terminal,0.7184,2,0.19022,"Признаки конечного узла: depth=3, IN 31k KZT, исходящих контрагентов 0; не boundary depth=4."
100000004488265100,terminal,0.729887,4,0.300823,"Признаки конечного узла: depth=3, IN 39k KZT, исходящих контрагентов 0; не boundary depth=4."
100000002509598100,terminal,0.853005,13,0.308218,"Признаки конечного узла: depth=3, IN 306k KZT, исходящих контрагентов 0; не boundary depth=4."
100000008706846100,terminal,0.655571,2,0.152441,"Признаки конечного узла: depth=3, IN 14k KZT, исходящих контрагентов 0; не boundary depth=4."
100000001280798100,terminal,0.69422,9,0.286143,"Признаки конечного узла: depth=3, IN 24k KZT, исходящих контрагентов 0; не boundary depth=4."
100000006664478100,transit,0.572596,28,0.385539,"Признаки транзита: OUT/IN 1.09, same-day match 67%, 1→2 контрагентов."
100000003781406100,terminal,0.739597,12,0.451923,"Признаки конечного узла: depth=3, IN 45k KZT, исходящих контрагентов 0; не boundary depth=4."
100000008708595100,terminal,0.668835,2,0.160247,"Признаки конечного узла: depth=3, IN 17k KZT, исходящих контрагентов 0; не boundary depth=4."
100000004611571100,terminal,0.689524,1,0.261938,"Признаки конечного узла: depth=3, IN 23k KZT, исходящих контрагентов 0; не boundary depth=4."
100000008576243100,terminal,0.863386,1,0.530453,"Признаки конечного узла: depth=3, IN 83k KZT, исходящих контрагентов 0; не boundary depth=4."
100000008662216100,terminal,0.705453,2,0.181876,"Признаки конечного узла: depth=3, IN 26k KZT, исходящих контрагентов 0; не boundary depth=4."
100000002681544100,terminal,0.903368,7,0.4659,"Признаки конечного узла: depth=3, IN 166k KZT, исходящих контрагентов 0; не boundary depth=4."
100000007864477100,distributor,0.69475,1,0.690901,"Признаки распределения: 6 получателей, OUT 204k KZT, охват 7 seed; fan-out высокий."
100000004746397100,terminal,0.38922,5,0.616518,"Признаки конечного узла: depth=3, IN 220k KZT, исходящих контрагентов 1; не boundary depth=4."
100000003814002100,terminal,0.714275,5,0.272344,"Признаки конечного узла: depth=3, IN 30k KZT, исходящих контрагентов 0; не boundary depth=4."
100000003962994100,terminal,0.639261,39,0.304692,"Признаки конечного узла: depth=3, IN 10k KZT, исходящих контрагентов 0; не boundary depth=4."
100000003366471100,consolidator,0.795587,4,0.563973,"Признаки консолидации: 2 плательщиков, IN 330k KZT, охват 7 seed; набл. OUT/IN 0.06."
100000003561031100,peripheral,0.413367,4,0.373048,Периферия: 1 входящих и 1 исходящих связей; структурная значимость ниже порогов других ролей.
100000001690439100,terminal,0.655571,5,0.311502,"Признаки конечного узла: depth=3, IN 14k KZT, исходящих контрагентов 0; не boundary depth=4."
100000002954780100,terminal,0.809089,8,0.424491,"Признаки конечного узла: depth=3, IN 133k KZT, исходящих контрагентов 0; не boundary depth=4."
100000008720668100,terminal,0.664583,2,0.157459,"Признаки конечного узла: depth=3, IN 16k KZT, исходящих контрагентов 0; не boundary depth=4."
100000002459164100,terminal,0.680703,1,0.329394,"Признаки конечного узла: depth=3, IN 20k KZT, исходящих контрагентов 0; не boundary depth=4."
100000005082652100,terminal,0.714275,7,0.236032,"Признаки конечного узла: depth=3, IN 30k KZT, исходящих контрагентов 0; не boundary depth=4."
100000005041905100,peripheral,0.540775,2,0.303328,Периферия: 1 входящих и 1 исходящих связей; структурная значимость ниже порогов других ролей.
100000008653041100,terminal,0.708944,2,0.184261,"Признаки конечного узла: depth=3, IN 28k KZT, исходящих контрагентов 0; не boundary depth=4."
100000008722417100,distributor,0.695547,5,0.615981,"Признаки распределения: 3 получателей, OUT 720k KZT, охват 7 seed; fan-out высокий."
100000008625905100,peripheral,0.14573,59,0.59782,Периферия: 1 входящих и 2 исходящих связей; структурная значимость ниже порогов других ролей.
100000007487729100,terminal,0.699361,1,0.287732,"Признаки конечного узла: depth=3, IN 25k KZT, исходящих контрагентов 0; не boundary depth=4."
100000000838385100,peripheral,0.013612,29,0.570823,Периферия: 1 входящих и 2 исходящих связей; структурная значимость ниже порогов других ролей.
100000004750321100,terminal,0.834955,9,0.42314,"Признаки конечного узла: depth=3, IN 50k KZT, исходящих контрагентов 0; не boundary depth=4."
100000008664774100,terminal,0.665345,2,0.15817,"Признаки конечного узла: depth=3, IN 16k KZT, исходящих контрагентов 0; не boundary depth=4."
100000006274203100,consolidator,0.849152,19,0.771559,"Признаки консолидации: 2 плательщиков, IN 3.42m KZT, охват 9 seed; набл. OUT/IN 0.02."
100000002185328100,distributor,0.646398,22,0.600416,"Признаки распределения: 4 получателей, OUT 55k KZT, охват 7 seed; fan-out высокий."
100000008254576100,peripheral,0.413367,36,0.444139,Периферия: 1 входящих и 1 исходящих связей; структурная значимость ниже порогов других ролей.
100000001689968100,terminal,0.952965,5,0.532783,"Признаки конечного узла: depth=3, IN 344k KZT, исходящих контрагентов 0; не boundary depth=4."
100000002236528100,terminal,0.769107,7,0.335688,"Признаки конечного узла: depth=3, IN 66k KZT, исходящих контрагентов 0; не boundary depth=4."
100000002670960100,terminal,0.869125,13,0.325059,"Признаки конечного узла: depth=3, IN 480k KZT, исходящих контрагентов 0; не boundary depth=4."
100000003557488100,peripheral,0.114101,32,0.556516,Периферия: 1 входящих и 2 исходящих связей; структурная значимость ниже порогов других ролей.
100000003888197100,terminal,0.7818,5,0.309047,"Признаки конечного узла: depth=3, IN 83k KZT, исходящих контрагентов 0; не boundary depth=4."
100000002799941100,terminal,0.876804,19,0.412051,"Признаки конечного узла: depth=3, IN 600k KZT, исходящих контрагентов 0; не boundary depth=4."
100000001632325100,terminal,0.78345,2,0.23704,"Признаки конечного узла: depth=3, IN 86k KZT, исходящих контрагентов 0; не boundary depth=4."
100000008620570100,consolidator,0.717593,4,0.63498,"Признаки консолидации: 2 плательщиков, IN 145k KZT, охват 7 seed; набл. OUT/IN 0.22."
100000005308954100,terminal,0.322837,6,0.490904,"Признаки конечного узла: depth=3, IN 69k KZT, исходящих контрагентов 1; не boundary depth=4."
100000008468762100,terminal,0.904955,18,0.5273,"Признаки конечного узла: depth=3, IN 170k KZT, исходящих контрагентов 0; не boundary depth=4."
100000002305007100,terminal,0.761238,2,0.219794,"Признаки конечного узла: depth=3, IN 56k KZT, исходящих контрагентов 0; не boundary depth=4."
100000008314863100,terminal,0.647765,3,0.410994,"Признаки конечного узла: depth=3, IN 12k KZT, исходящих контрагентов 0; не boundary depth=4."
100000005709551100,terminal,0.696759,14,0.287663,"Признаки конечного узла: depth=3, IN 25k KZT, исходящих контрагентов 0; не boundary depth=4."
100000008297199100,terminal,0.736106,1,0.309138,"Признаки конечного узла: depth=3, IN 42k KZT, исходящих контрагентов 0; не boundary depth=4."
100000003271151100,terminal,0.807185,4,0.357119,"Признаки конечного узла: depth=3, IN 127k KZT, исходящих контрагентов 0; не boundary depth=4."
100000007005380100,terminal,0.633549,5,0.27134,"Признаки конечного узла: depth=3, IN 9k KZT, исходящих контрагентов 0; не boundary depth=4."
100000004451012100,distributor,0.614134,19,0.584439,"Признаки распределения: 3 получателей, OUT 66k KZT, охват 7 seed; fan-out высокий."
100000004779204100,transit,0.500957,1,0.406178,"Признаки транзита: OUT/IN 0.66, same-day match 33%, 1→1 контрагентов."
100000002793881100,terminal,0.977715,8,0.593059,"Признаки конечного узла: depth=3, IN 786k KZT, исходящих контрагентов 0; не boundary depth=4."
100000008671129100,terminal,0.705453,2,0.181876,"Признаки конечного узла: depth=3, IN 26k KZT, исходящих контрагентов 0; не boundary depth=4."
100000002095257100,terminal,0.631138,12,0.366796,"Признаки конечного узла: depth=3, IN 8k KZT, исходящих контрагентов 0; не boundary depth=4."
100000002194329100,terminal,0.701582,1,0.26757,"Признаки конечного узла: depth=3, IN 25k KZT, исходящих контрагентов 0; не boundary depth=4."
100000001884825100,terminal,0.9668,8,0.56365,"Признаки конечного узла: depth=3, IN 495k KZT, исходящих контрагентов 0; не boundary depth=4."
100000008692291100,consolidator,0.706458,11,0.748004,"Признаки консолидации: 3 плательщиков, IN 160k KZT, охват 8 seed; набл. OUT/IN 0.97."
100000002697752100,terminal,0.910603,4,0.467619,"Признаки конечного узла: depth=3, IN 191k KZT, исходящих контрагентов 0; не boundary depth=4."
100000007170072100,transit,0.525412,4,0.555158,"Признаки транзита: OUT/IN 0.99, same-day match 0%, 1→2 контрагентов."
100000002373144100,peripheral,0.413367,1,0.412781,Периферия: 1 входящих и 1 исходящих связей; структурная значимость ниже порогов других ролей.
100000000287768100,terminal,0.725444,1,0.284642,"Признаки конечного узла: depth=3, IN 35k KZT, исходящих контрагентов 0; не boundary depth=4."
100000004508696100,distributor,0.628311,39,0.592913,"Признаки распределения: 3 получателей, OUT 111k KZT, охват 7 seed; fan-out высокий."
100000008688109100,terminal,0.650811,2,0.149837,"Признаки конечного узла: depth=3, IN 13k KZT, исходящих контрагентов 0; не boundary depth=4."
100000008724461100,transit,0.679004,8,0.598558,"Признаки транзита: OUT/IN 1.30, same-day match 77%, 1→1 контрагентов."
100000001714413100,terminal,0.844248,5,0.356495,"Признаки конечного узла: depth=3, IN 250k KZT, исходящих контрагентов 0; не boundary depth=4."
100000008672493100,terminal,0.654429,2,0.15187,"Признаки конечного узла: depth=3, IN 14k KZT, исходящих контрагентов 0; не boundary depth=4."
100000003241965100,terminal,0.658935,9,0.263225,"Признаки конечного узла: depth=3, IN 15k KZT, исходящих контрагентов 0; не boundary depth=4."
100000002241986100,distributor,0.80339,40,0.686065,"Признаки распределения: 6 получателей, OUT 3.08m KZT, охват 7 seed; fan-out высокий."
100000004140994100,terminal,0.675054,2,0.163849,"Признаки конечного узла: depth=3, IN 19k KZT, исходящих контрагентов 0; не boundary depth=4."
100000008489922100,coordinator,0.92107,8,0.922379,"Кандидат в координаторы: 3→36 связей, охват 8 seed, betweenness 0.0009; межкластерных связей 11."
100000001252290100,peripheral,0.413367,5,0.435664,Периферия: 1 входящих и 1 исходящих связей; структурная значимость ниже порогов других ролей.
100000008667799100,terminal,0.722525,2,0.193714,"Признаки конечного узла: depth=3, IN 34k KZT, исходящих контрагентов 0; не boundary depth=4."
100000008684951100,terminal,0.668835,2,0.160247,"Признаки конечного узла: depth=3, IN 17k KZT, исходящих контрагентов 0; не boundary depth=4."
100000006126743100,terminal,0.759841,5,0.29584,"Признаки конечного узла: depth=3, IN 55k KZT, исходящих контрагентов 0; не boundary depth=4."
100000003009900100,terminal,0.664012,9,0.266841,"Признаки конечного узла: depth=3, IN 16k KZT, исходящих контрагентов 0; не boundary depth=4."
100000001745217100,terminal,0.750576,1,0.301511,"Признаки конечного узла: depth=3, IN 50k KZT, исходящих контрагентов 0; не boundary depth=4."
100000002886166100,terminal,0.827049,25,0.276641,"Признаки конечного узла: depth=3, IN 185k KZT, исходящих контрагентов 0; не boundary depth=4."
100000002956779100,terminal,0.86354,3,0.309015,"Признаки конечного узла: depth=3, IN 411k KZT, исходящих контрагентов 0; не boundary depth=4."
100000008568512100,terminal,0.831301,5,0.346442,"Признаки конечного узла: depth=3, IN 200k KZT, исходящих контрагентов 0; не boundary depth=4."
100000008583360100,transit,0.424229,9,0.486956,"Признаки транзита: OUT/IN 1.51, same-day match 0%, 1→1 контрагентов."
100000001130176100,terminal,0.699361,1,0.339618,"Признаки конечного узла: depth=3, IN 25k KZT, исходящих контрагентов 0; не boundary depth=4."
100000001145749100,terminal,0.639261,3,0.405034,"Признаки конечного узла: depth=3, IN 10k KZT, исходящих контрагентов 0; не boundary depth=4."
100000005367445100,transit,0.467666,11,0.465792,"Признаки транзита: OUT/IN 1.00, same-day match 0%, 1→1 контрагентов."
100000003917461100,peripheral,0.082874,12,0.600745,Периферия: 1 входящих и 2 исходящих связей; структурная значимость ниже порогов других ролей.
100000008200810100,terminal,0.868364,13,0.324751,"Признаки конечного узла: depth=3, IN 475k KZT, исходящих контрагентов 0; не boundary depth=4."
100000002554175100,terminal,0.696886,9,0.287926,"Признаки конечного узла: depth=3, IN 25k KZT, исходящих контрагентов 0; не boundary depth=4."
100000008751380100,terminal,0.938527,8,0.562706,"Признаки конечного узла: depth=3, IN 346k KZT, исходящих контрагентов 0; не boundary depth=4."
100000004071444100,peripheral,0.413367,1,0.479675,Периферия: 1 входящих и 1 исходящих связей; структурная значимость ниже порогов других ролей.
100000001141268100,consolidator,0.882865,18,0.689074,"Признаки консолидации: 2 плательщиков, IN 480k KZT, охват 9 seed; набл. OUT/IN 0.02."
100000002645993100,distributor,0.653513,1,0.66198,"Признаки распределения: 5 получателей, OUT 87k KZT, охват 7 seed; fan-out высокий."
100000002546921100,terminal,0.680703,15,0.273024,"Признаки конечного узла: depth=3, IN 20k KZT, исходящих контрагентов 0; не boundary depth=4."
100000008753897100,terminal,0.696061,2,0.176593,"Признаки конечного узла: depth=3, IN 24k KZT, исходящих контрагентов 0; не boundary depth=4."
100000000870121100,terminal,0.647765,14,0.28623,"Признаки конечного узла: depth=3, IN 12k KZT, исходящих контрагентов 0; не boundary depth=4."
100000003171006100,terminal,0.951346,8,0.558484,"Признаки конечного узла: depth=3, IN 485k KZT, исходящих контрагентов 0; не boundary depth=4."
100000001690558100,terminal,0.880422,19,0.41679,"Признаки конечного узла: depth=3, IN 740k KZT, исходящих контрагентов 0; не boundary depth=4."
100000008667795100,terminal,0.722525,2,0.193714,"Признаки конечного узла: depth=3, IN 34k KZT, исходящих контрагентов 0; не boundary depth=4."
100000005674387100,terminal,0.705453,2,0.181876,"Признаки конечного узла: depth=3, IN 26k KZT, исходящих контрагентов 0; не boundary depth=4."
100000003636627100,terminal,0.330707,7,0.424678,"Признаки конечного узла: depth=3, IN 77k KZT, исходящих контрагентов 1; не boundary depth=4."
100000001275752100,terminal,0.817339,8,0.430448,"Признаки конечного узла: depth=3, IN 152k KZT, исходящих контрагентов 0; не boundary depth=4."
100000002459240100,terminal,0.815943,5,0.334112,"Признаки конечного узла: depth=3, IN 150k KZT, исходящих контрагентов 0; не boundary depth=4."
100000002644285100,terminal,0.871283,13,0.326995,"Признаки конечного узла: depth=3, IN 500k KZT, исходящих контрагентов 0; не boundary depth=4."
100000005186109100,terminal,0.615462,16,0.306325,"Признаки конечного узла: depth=3, IN 5k KZT, исходящих контрагентов 0; не boundary depth=4."
100000005317181100,peripheral,0.402358,1,0.471278,Периферия: 1 входящих и 1 исходящих связей; структурная значимость ниже порогов других ролей.
100000003001661100,distributor,0.746146,29,0.685506,"Признаки распределения: 5 получателей, OUT 440k KZT, охват 7 seed; fan-out высокий."
100000000288317100,consolidator,0.651698,4,0.62335,"Признаки консолидации: 2 плательщиков, IN 100k KZT, охват 7 seed; набл. OUT/IN 0.54."
100000004368189100,peripheral,0.396182,13,0.407275,Периферия: 1 входящих и 2 исходящих связей; структурная значимость ниже порогов других ролей.
100000004493586100,terminal,0.628092,1,0.241598,"Признаки конечного узла: depth=3, IN 8k KZT, исходящих контрагентов 0; не boundary depth=4."
100000004114962100,terminal,0.902924,5,0.4946,"Признаки конечного узла: depth=3, IN 165k KZT, исходящих контрагентов 0; не boundary depth=4."
100000008088082100,transit,0.459923,14,0.445951,"Признаки транзита: OUT/IN 1.28, same-day match 0%, 1→1 контрагентов."
100000008595687100,terminal,0.319664,6,0.570247,"Признаки конечного узла: depth=3, IN 64k KZT, исходящих контрагентов 1; не boundary depth=4."
100000001248999100,terminal,0.691555,17,0.27167,"Признаки конечного узла: depth=3, IN 23k KZT, исходящих контрагентов 0; не boundary depth=4."
100000002736316100,terminal,0.942811,1,0.53465,"Признаки конечного узла: depth=3, IN 267k KZT, исходящих контрагентов 0; не boundary depth=4."
100000008596924100,terminal,0.794492,7,0.274954,"Признаки конечного узла: depth=3, IN 100k KZT, исходящих контрагентов 0; не boundary depth=4."
100000008598972100,terminal,0.805281,4,0.240995,"Признаки конечного узла: depth=3, IN 120k KZT, исходящих контрагентов 0; не boundary depth=4."
100000002769809100,terminal,0.802996,19,0.372169,"Признаки конечного узла: depth=3, IN 113k KZT, исходящих контрагентов 0; не boundary depth=4."
100000003089553100,terminal,0.815943,11,0.429117,"Признаки конечного узла: depth=3, IN 150k KZT, исходящих контрагентов 0; не boundary depth=4."
100000002343825100,consolidator,0.832146,11,0.726433,"Признаки консолидации: 3 плательщиков, IN 350k KZT, охват 8 seed; набл. OUT/IN 0.26."
100000002015633100,terminal,0.790177,5,0.315446,"Признаки конечного узла: depth=3, IN 95k KZT, исходящих контрагентов 0; не boundary depth=4."
100000002906470100,terminal,0.808073,19,0.355235,"Признаки конечного узла: depth=3, IN 130k KZT, исходящих контрагентов 0; не boundary depth=4."
100000005628518100,terminal,0.778373,19,0.371889,"Признаки конечного узла: depth=3, IN 77k KZT, исходящих контрагентов 0; не boundary depth=4."
100000002958139100,terminal,0.834982,8,0.432587,"Признаки конечного узла: depth=3, IN 210k KZT, исходящих контрагентов 0; не boundary depth=4."
100000008754747100,terminal,0.740802,2,0.20714,"Признаки конечного узла: depth=3, IN 46k KZT, исходящих контрагентов 0; не boundary depth=4."
100000008776720100,terminal,0.704438,2,0.181181,"Признаки конечного узла: depth=3, IN 26k KZT, исходящих контрагентов 0; не boundary depth=4."
100000008576528100,terminal,0.708944,5,0.269456,"Признаки конечного узла: depth=3, IN 28k KZT, исходящих контрагентов 0; не boundary depth=4."
100000004603109100,consolidator,0.755887,24,0.495291,"Признаки консолидации: 3 плательщиков, IN 2.73m KZT, охват 2 seed; набл. OUT/IN 0.15."
100000008721637100,peripheral,0.273456,7,0.56235,Периферия: 1 входящих и 2 исходящих связей; структурная значимость ниже порогов других ролей.
100000004491749100,terminal,0.750576,7,0.245341,"Признаки конечного узла: depth=3, IN 50k KZT, исходящих контрагентов 0; не boundary depth=4."
100000005171642100,transit,0.624796,28,0.424219,"Признаки транзита: OUT/IN 0.98, same-day match 94%, 2→1 контрагентов."
100000008682426100,terminal,0.680703,15,0.273024,"Признаки конечного узла: depth=3, IN 20k KZT, исходящих контрагентов 0; не boundary depth=4."
100000006209210100,terminal,0.838536,7,0.387249,"Признаки конечного узла: depth=3, IN 229k KZT, исходящих контрагентов 0; не boundary depth=4."
100000003888527100,terminal,0.714275,42,0.328474,"Признаки конечного узла: depth=3, IN 30k KZT, исходящих контрагентов 0; не boundary depth=4."
100000008490127100,distributor,0.782352,5,0.665988,"Признаки распределения: 6 получателей, OUT 923k KZT, охват 7 seed; fan-out высокий."
100000004336228100,terminal,0.754891,4,0.316827,"Признаки конечного узла: depth=3, IN 51k KZT, исходящих контрагентов 0; не boundary depth=4."
100000006844004100,terminal,0.685209,1,0.331672,"Признаки конечного узла: depth=3, IN 21k KZT, исходящих контрагентов 0; не boundary depth=4."
100000001688676100,terminal,0.809216,19,0.356039,"Признаки конечного узла: depth=3, IN 134k KZT, исходящих контрагентов 0; не boundary depth=4."
100000008712036100,terminal,0.686097,2,0.170568,"Признаки конечного узла: depth=3, IN 21k KZT, исходящих контрагентов 0; не boundary depth=4."
100000004697956100,transit,0.467666,7,0.275111,"Признаки транзита: OUT/IN 1.00, same-day match 0%, 1→1 контрагентов."
100000004921657100,terminal,0.182837,3,0.457027,"Признаки конечного узла: depth=3, IN 8k KZT, исходящих контрагентов 1; не boundary depth=4."
100000000408846100,terminal,0.734139,27,0.306819,"Признаки конечного узла: depth=3, IN 40k KZT, исходящих контрагентов 0; не boundary depth=4."
100000003406094100,distributor,0.589013,6,0.605576,"Признаки распределения: 3 получателей, OUT 47k KZT, охват 7 seed; fan-out высокий."
100000008695566100,terminal,0.721763,2,0.193238,"Признаки конечного узла: depth=3, IN 34k KZT, исходящих контрагентов 0; не boundary depth=4."
100000005974542100,terminal,0.789479,23,0.373887,"Признаки конечного узла: depth=3, IN 94k KZT, исходящих контрагентов 0; не boundary depth=4."
100000001887715100,consolidator,0.862051,18,0.736213,"Признаки консолидации: 3 плательщиков, IN 1.33m KZT, охват 9 seed; набл. OUT/IN 0.56."
100000002472632100,consolidator,0.809021,26,0.610962,"Признаки консолидации: 2 плательщиков, IN 502k KZT, охват 7 seed; набл. OUT/IN 0.04."
100000004629688100,peripheral,0.281851,16,0.353345,Периферия: 1 входящих и 1 исходящих связей; структурная значимость ниже порогов других ролей.
100000002459832100,terminal,0.965054,4,0.488295,"Признаки конечного узла: depth=3, IN 881k KZT, исходящих контрагентов 0; не boundary depth=4."
100000006100920100,terminal,0.794492,1,0.358348,"Признаки конечного узла: depth=3, IN 100k KZT, исходящих контрагентов 0; не boundary depth=4."
100000001439416100,peripheral,0.353114,1,0.522373,Периферия: 1 входящих и 2 исходящих связей; структурная значимость ниже порогов других ролей.
100000002121357100,consolidator,0.802342,11,0.669212,"Признаки консолидации: 2 плательщиков, IN 255k KZT, охват 8 seed; набл. OUT/IN 0.44."
100000002970466100,peripheral,0.396182,1,0.497363,Периферия: 1 входящих и 2 исходящих связей; структурная значимость ниже порогов других ролей.
100000002581346100,terminal,0.821782,5,0.339071,"Признаки конечного узла: depth=3, IN 166k KZT, исходящих контрагентов 0; не boundary depth=4."
100000008738658100,terminal,0.711863,2,0.186799,"Признаки конечного узла: depth=3, IN 30k KZT, исходящих контрагентов 0; не boundary depth=4."
100000005910114100,coordinator,0.84892,1,0.834414,"Кандидат в координаторы: 3→19 связей, охват 7 seed, betweenness 0.0058; межкластерных связей 8."
100000001046626100,terminal,0.815943,5,0.334112,"Признаки конечного узла: depth=3, IN 150k KZT, исходящих контрагентов 0; не boundary depth=4."
100000006492770100,peripheral,0.413367,1,0.47072,Периферия: 1 входящих и 1 исходящих связей; структурная значимость ниже порогов других ролей.
100000001674850100,terminal,0.922661,11,0.538247,"Признаки конечного узла: depth=3, IN 237k KZT, исходящих контрагентов 0; не boundary depth=4."
100000000860514100,peripheral,0.413367,26,0.471171,Периферия: 1 входящих и 1 исходящих связей; структурная значимость ниже порогов других ролей.
100000003650146100,terminal,0.655762,6,0.277606,"Признаки конечного узла: depth=3, IN 14k KZT, исходящих контрагентов 0; не boundary depth=4."
100000001227106100,terminal,0.820766,5,0.338463,"Признаки конечного узла: depth=3, IN 165k KZT, исходящих контрагентов 0; не boundary depth=4."
100000003647799100,terminal,0.794492,5,0.318252,"Признаки конечного узла: depth=3, IN 100k KZT, исходящих контрагентов 0; не boundary depth=4."
100000008293431100,distributor,0.721576,1,0.631272,"Признаки распределения: 5 получателей, OUT 297k KZT, охват 7 seed; fan-out высокий."
100000002975287100,terminal,0.658935,17,0.25692,"Признаки конечного узла: depth=3, IN 15k KZT, исходящих контрагентов 0; не boundary depth=4."
100000008507703100,terminal,0.709896,2,0.185185,"Признаки конечного узла: depth=3, IN 28k KZT, исходящих контрагентов 0; не boundary depth=4."
100000001733687100,terminal,0.851736,8,0.446807,"Признаки конечного узла: depth=3, IN 300k KZT, исходящих контрагентов 0; не boundary depth=4."
100000004552204100,peripheral,0.05645,33,0.563917,Периферия: 1 входящих и 2 исходящих связей; структурная значимость ниже порогов других ролей.
100000008223756100,terminal,0.937004,4,0.486565,"Признаки конечного узла: depth=3, IN 332k KZT, исходящих контрагентов 0; не boundary depth=4."
100000002956769100,terminal,0.979112,13,0.615745,"Признаки конечного узла: depth=3, IN 840k KZT, исходящих контрагентов 0; не boundary depth=4."
100000008555233100,terminal,0.865825,18,0.490612,"Признаки конечного узла: depth=3, IN 441k KZT, исходящих контрагентов 0; не boundary depth=4."
100000002346166100,peripheral,0.640775,2,0.136844,Периферия: 1 входящих и 0 исходящих связей; структурная значимость ниже порогов других ролей.
100000000878006100,terminal,0.743595,5,0.287643,"Признаки конечного узла: depth=3, IN 47k KZT, исходящих контрагентов 0; не boundary depth=4."
100000004997515100,consolidator,0.854431,8,0.813403,"Признаки консолидации: 4 плательщиков, IN 395k KZT, охват 9 seed; набл. OUT/IN 0.14."
100000007653003100,terminal,0.794492,17,0.343495,"Признаки конечного узла: depth=3, IN 100k KZT, исходящих контрагентов 0; не boundary depth=4."
100000000661131100,terminal,0.662869,2,0.156238,"Признаки конечного узла: depth=3, IN 16k KZT, исходящих контрагентов 0; не boundary depth=4."
100000003880331100,distributor,0.86417,4,0.800709,"Признаки распределения: 16 получателей, OUT 3.90m KZT, охват 7 seed; fan-out высокий."
100000003204491100,transit,0.610809,1,0.477264,"Признаки транзита: OUT/IN 0.71, same-day match 71%, 1→1 контрагентов."
100000008463968100,peripheral,0.640775,2,0.143534,Периферия: 1 входящих и 0 исходящих связей; структурная значимость ниже порогов других ролей.
100000002712416100,terminal,0.885598,13,0.529022,"Признаки конечного узла: depth=3, IN 117k KZT, исходящих контрагентов 0; не boundary depth=4."
100000008754997100,terminal,0.673214,2,0.162847,"Признаки конечного узла: depth=3, IN 18k KZT, исходящих контрагентов 0; не boundary depth=4."
100000008011573100,terminal,0.658935,17,0.25692,"Признаки конечного узла: depth=3, IN 15k KZT, исходящих контрагентов 0; не boundary depth=4."
100000003178549100,coordinator,0.780905,17,0.757268,"Кандидат в координаторы: 2→4 связей, охват 7 seed, betweenness 0.0003; межкластерных связей 4."
100000000534581100,consolidator,0.65679,4,0.499665,"Признаки консолидации: 2 плательщиков, IN 56k KZT, охват 7 seed; набл. OUT/IN 0.71."
100000007138613100,consolidator,0.799962,1,0.659678,"Признаки консолидации: 3 плательщиков, IN 1.00m KZT, охват 7 seed; набл. OUT/IN 0.18."
100000002380341100,terminal,0.762126,1,0.333319,"Признаки конечного узла: depth=3, IN 58k KZT, исходящих контрагентов 0; не boundary depth=4."
100000008309514100,terminal,0.668835,2,0.160247,"Признаки конечного узла: depth=3, IN 17k KZT, исходящих контрагентов 0; не boundary depth=4."
100000003134474100,terminal,0.803377,5,0.32469,"Признаки конечного узла: depth=3, IN 116k KZT, исходящих контрагентов 0; не boundary depth=4."
100000002373386100,terminal,0.695045,2,0.176092,"Признаки конечного узла: depth=3, IN 24k KZT, исходящих контрагентов 0; не boundary depth=4."
100000008684767100,terminal,0.7184,2,0.19022,"Признаки конечного узла: depth=3, IN 31k KZT, исходящих контрагентов 0; не boundary depth=4."
100000008332511100,terminal,0.794492,7,0.481831,"Признаки конечного узла: depth=3, IN 100k KZT, исходящих контрагентов 0; не boundary depth=4."
100000005754335100,terminal,0.737502,42,0.344113,"Признаки конечного узла: depth=3, IN 44k KZT, исходящих контрагентов 0; не boundary depth=4."
100000008547295100,terminal,0.658935,7,0.225151,"Признаки конечного узла: depth=3, IN 15k KZT, исходящих контрагентов 0; не boundary depth=4."
100000001875167100,terminal,0.884293,5,0.403423,"Признаки конечного узла: depth=3, IN 1.00m KZT, исходящих контрагентов 0; не boundary depth=4."
100000004670388100,peripheral,0.193772,50,0.549635,Периферия: 1 входящих и 2 исходящих связей; структурная значимость ниже порогов других ролей.
100000004097972100,peripheral,0.396182,1,0.54183,Периферия: 1 входящих и 2 исходящих связей; структурная значимость ниже порогов других ролей.
100000000481716100,terminal,0.629742,9,0.292949,"Признаки конечного узла: depth=3, IN 8k KZT, исходящих контрагентов 0; не boundary depth=4."
100000005089460100,terminal,0.649542,2,0.14889,"Признаки конечного узла: depth=3, IN 12k KZT, исходящих контрагентов 0; не boundary depth=4."
100000003105929100,terminal,0.417271,5,0.482475,"Признаки конечного узла: depth=3, IN 430k KZT, исходящих контрагентов 1; не boundary depth=4."
100000008379273100,coordinator,0.767649,9,0.71314,"Кандидат в координаторы: 2→4 связей, охват 7 seed, betweenness 0.0017; межкластерных связей 3."
100000005357705100,distributor,0.72014,4,0.624037,"Признаки распределения: 4 получателей, OUT 387k KZT, охват 7 seed; fan-out высокий."
100000003111305100,terminal,0.974655,28,0.644464,"Признаки конечного узла: depth=3, IN 509k KZT, исходящих контрагентов 0; не boundary depth=4."
100000008503177100,terminal,0.722017,4,0.29496,"Признаки конечного узла: depth=3, IN 34k KZT, исходящих контрагентов 0; не boundary depth=4."
100000000955529100,peripheral,0.413367,3,0.430922,Периферия: 1 входящих и 1 исходящих связей; структурная значимость ниже порогов других ролей.
100000008695689100,terminal,0.705453,2,0.181876,"Признаки конечного узла: depth=3, IN 26k KZT, исходящих контрагентов 0; не boundary depth=4."
100000004184158100,terminal,0.834474,1,0.36521,"Признаки конечного узла: depth=3, IN 204k KZT, исходящих контрагентов 0; не boundary depth=4."
100000005475379100,distributor,0.669736,10,0.701186,"Признаки распределения: 3 получателей, OUT 81k KZT, охват 8 seed; fan-out высокий."
100000003093299100,terminal,0.658935,1,0.247451,"Признаки конечного узла: depth=3, IN 15k KZT, исходящих контрагентов 0; не boundary depth=4."
100000008767027100,terminal,0.615462,18,0.317428,"Признаки конечного узла: depth=3, IN 5k KZT, исходящих контрагентов 0; не boundary depth=4."
100000004539443100,consolidator,0.852276,3,0.550603,"Признаки консолидации: 2 плательщиков, IN 62k KZT, охват 10 seed; набл. OUT/IN 0.00."
100000007863304100,terminal,0.699361,5,0.264892,"Признаки конечного узла: depth=3, IN 25k KZT, исходящих контрагентов 0; не boundary depth=4."
100000004959752100,terminal,0.688953,3,0.44921,"Признаки конечного узла: depth=3, IN 22k KZT, исходящих контрагентов 0; не boundary depth=4."
100000002214664100,peripheral,0.540775,2,0.282854,Периферия: 1 входящих и 1 исходящих связей; структурная значимость ниже порогов других ролей.
100000008192264100,transit,0.692964,5,0.476363,"Признаки транзита: OUT/IN 1.15, same-day match 87%, 1→1 контрагентов."
100000000942301100,terminal,0.76238,1,0.326639,"Признаки конечного узла: depth=3, IN 58k KZT, исходящих контрагентов 0; не boundary depth=4."
100000002578653100,terminal,0.680703,47,0.297486,"Признаки конечного узла: depth=3, IN 20k KZT, исходящих контрагентов 0; не boundary depth=4."
100000002511581100,terminal,0.671247,2,0.161596,"Признаки конечного узла: depth=3, IN 18k KZT, исходящих контрагентов 0; не boundary depth=4."
100000005610717100,consolidator,0.792357,1,0.588243,"Признаки консолидации: 4 плательщиков, IN 484k KZT, охват 7 seed; набл. OUT/IN 0.55."
100000005704413100,coordinator,0.870834,9,0.848005,"Кандидат в координаторы: 3→32 связей, охват 7 seed, betweenness 0.0026; межкластерных связей 5."
100000000976943100,transit,0.542583,10,0.603526,"Признаки транзита: OUT/IN 1.20, same-day match 13%, 1→1 контрагентов."
100000008708061100,peripheral,0.640775,2,0.140684,Периферия: 1 входящих и 0 исходящих связей; структурная значимость ниже порогов других ролей.
100000003986141100,terminal,0.619841,17,0.232228,"Признаки конечного узла: depth=3, IN 5k KZT, исходящих контрагентов 0; не boundary depth=4."
100000005037490100,transit,0.452184,14,0.478871,"Признаки транзита: OUT/IN 2.00, same-day match 47%, 1→2 контрагентов."
100000004257714100,terminal,0.75578,2,0.21603,"Признаки конечного узла: depth=3, IN 52k KZT, исходящих контрагентов 0; не boundary depth=4."
100000000569479100,terminal,0.853957,1,0.399971,"Признаки конечного узла: depth=3, IN 320k KZT, исходящих контрагентов 0; не boundary depth=4."
100000007303047100,terminal,0.755907,2,0.216252,"Признаки конечного узла: depth=3, IN 52k KZT, исходящих контрагентов 0; не boundary depth=4."
100000008708743100,terminal,0.662552,2,0.156022,"Признаки конечного узла: depth=3, IN 16k KZT, исходящих контрагентов 0; не boundary depth=4."
100000008745863100,terminal,0.690032,2,0.17303,"Признаки конечного узла: depth=3, IN 23k KZT, исходящих контрагентов 0; не boundary depth=4."
100000005048668100,coordinator,0.737514,4,0.717936,"Кандидат в координаторы: 2→8 связей, охват 7 seed, betweenness 0.0007; межкластерных связей 6."
100000006522972100,terminal,0.634057,5,0.271924,"Признаки конечного узла: depth=3, IN 10k KZT, исходящих контрагентов 0; не boundary depth=4."
100000008759857100,peripheral,0.082874,18,0.52155,Периферия: 1 входящих и 2 исходящих связей; структурная значимость ниже порогов других ролей.
100000005342513100,terminal,0.39252,2,0.355079,"Признаки конечного узла: depth=3, IN 235k KZT, исходящих контрагентов 1; не boundary depth=4."
100000004750897100,terminal,0.639261,16,0.305332,"Признаки конечного узла: depth=3, IN 10k KZT, исходящих контрагентов 0; не boundary depth=4."
100000001140785100,terminal,0.917838,11,0.515937,"Признаки конечного узла: depth=3, IN 215k KZT, исходящих контрагентов 0; не boundary depth=4."
100000002821425100,terminal,0.847484,13,0.302952,"Признаки конечного узла: depth=3, IN 275k KZT, исходящих контрагентов 0; не boundary depth=4."
100000003221510100,peripheral,0.396182,1,0.501358,Периферия: 1 входящих и 2 исходящих связей; структурная значимость ниже порогов других ролей.
100000003031003100,terminal,0.945222,13,0.605982,"Признаки конечного узла: depth=3, IN 280k KZT, исходящих контрагентов 0; не boundary depth=4."
100000003060187100,terminal,0.788654,19,0.340851,"Признаки конечного узла: depth=3, IN 93k KZT, исходящих контрагентов 0; не boundary depth=4."
100000008718811100,terminal,0.775073,2,0.230563,"Признаки конечного узла: depth=3, IN 73k KZT, исходящих контрагентов 0; не boundary depth=4."
100000008043184100,terminal,0.753495,17,0.31164,"Признаки конечного узла: depth=3, IN 51k KZT, исходящих контрагентов 0; не boundary depth=4."
100000002530224100,terminal,0.802743,8,0.419019,"Признаки конечного узла: depth=3, IN 113k KZT, исходящих контрагентов 0; не boundary depth=4."
100000008754608100,terminal,0.649542,2,0.14889,"Признаки конечного узла: depth=3, IN 12k KZT, исходящих контрагентов 0; не boundary depth=4."
100000006989232100,terminal,0.688762,1,0.263551,"Признаки конечного узла: depth=3, IN 22k KZT, исходящих контрагентов 0; не boundary depth=4."
100000006532229100,terminal,0.798554,11,0.415228,"Признаки конечного узла: depth=3, IN 105k KZT, исходящих контрагентов 0; не boundary depth=4."
100000005661829100,transit,0.52761,19,0.442971,"Признаки транзита: OUT/IN 1.07, same-day match 41%, 1→2 контрагентов."
100000004553349100,terminal,0.628853,5,0.266101,"Признаки конечного узла: depth=3, IN 8k KZT, исходящих контрагентов 0; не boundary depth=4."
100000002945626100,terminal,0.972257,8,0.603595,"Признаки конечного узла: depth=3, IN 584k KZT, исходящих контрагентов 0; не boundary depth=4."
100000008775471100,terminal,0.875725,18,0.47839,"Признаки конечного узла: depth=3, IN 580k KZT, исходящих контрагентов 0; не boundary depth=4."
100000000404740100,peripheral,0.226112,26,0.306451,Периферия: 1 входящих и 0 исходящих связей; структурная значимость ниже порогов других ролей.
100000004268036100,peripheral,0.640775,20,0.142417,Периферия: 1 входящих и 0 исходящих связей; структурная значимость ниже порогов других ролей.
100000001256409100,peripheral,0.242527,4,0.183611,Периферия: 1 входящих и 0 исходящих связей; структурная значимость ниже порогов других ролей.
100000005360814100,peripheral,0.339413,4,0.349055,Периферия: 1 входящих и 0 исходящих связей; структурная значимость ниже порогов других ролей.
100000002369454100,peripheral,0.343617,4,0.302926,Периферия: 1 входящих и 0 исходящих связей; структурная значимость ниже порогов других ролей.
100000004272302100,peripheral,0.513367,47,0.233624,Периферия: 1 входящих и 0 исходящих связей; структурная значимость ниже порогов других ролей.
100000008727982100,peripheral,0.294173,28,0.21299,Периферия: 1 входящих и 0 исходящих связей; структурная значимость ниже порогов других ролей.
100000000600707100,peripheral,0.219306,38,0.244173,Периферия: 1 входящих и 0 исходящих связей; структурная значимость ниже порогов других ролей.
100000004500781100,peripheral,0.183674,15,0.337872,Периферия: 1 входящих и 0 исходящих связей; структурная значимость ниже порогов других ролей.
100000008703533100,peripheral,0.247331,11,0.359906,Периферия: 1 входящих и 0 исходящих связей; структурная значимость ниже порогов других ролей.
100000004549591100,peripheral,0.331806,39,0.322284,Периферия: 1 входящих и 0 исходящих связей; структурная значимость ниже порогов других ролей.
100000002700161100,peripheral,0.136633,51,0.420894,Периферия: 1 входящих и 0 исходящих связей; структурная значимость ниже порогов других ролей.
100000003134550100,peripheral,0.247331,11,0.372453,Периферия: 1 входящих и 0 исходящих связей; структурная значимость ниже порогов других ролей.
100000001957974100,peripheral,0.511165,15,0.370981,Периферия: 1 входящих и 0 исходящих связей; структурная значимость ниже порогов других ролей.
100000001246806100,peripheral,0.182874,8,0.431431,Периферия: 1 входящих и 0 исходящих связей; структурная значимость ниже порогов других ролей.
100000003622955100,peripheral,0.108007,10,0.401337,Периферия: 1 входящих и 0 исходящих связей; структурная значимость ниже порогов других ролей.
100000003692843100,peripheral,0.285365,63,0.378132,Периферия: 1 входящих и 0 исходящих связей; структурная значимость ниже порогов других ролей.
100000008629504100,peripheral,0.513367,1,0.279046,Периферия: 1 входящих и 0 исходящих связей; структурная значимость ниже порогов других ролей.
100000005621418100,peripheral,0.513367,27,0.296234,Периферия: 1 входящих и 0 исходящих связей; структурная значимость ниже порогов других ролей.
100000004167082100,peripheral,0.385053,14,0.284509,Периферия: 1 входящих и 0 исходящих связей; структурная значимость ниже порогов других ролей.
100000004379306100,peripheral,0.271753,4,0.290331,Периферия: 1 входящих и 0 исходящих связей; структурная значимость ниже порогов других ролей.
100000004856746100,peripheral,0.513367,35,0.276724,Периферия: 1 входящих и 0 исходящих связей; структурная значимость ниже порогов других ролей.
100000004891562100,peripheral,0.452714,20,0.242258,Периферия: 1 входящих и 0 исходящих связей; структурная значимость ниже порогов других ролей.
100000007042175100,peripheral,0.264146,1,0.331232,Периферия: 1 входящих и 0 исходящих связей; структурная значимость ниже порогов других ролей.
100000002670463100,peripheral,0.630472,20,0.204785,Периферия: 1 входящих и 0 исходящих связей; структурная значимость ниже порогов других ролей.
100000005567828100,peripheral,0.508763,9,0.334364,Периферия: 1 входящих и 0 исходящих связей; структурная значимость ниже порогов других ролей.
100000004200745100,peripheral,0.182874,12,0.437877,Периферия: 1 входящих и 0 исходящих связей; структурная значимость ниже порогов других ролей.
100000003989033100,peripheral,0.206495,10,0.276724,Периферия: 1 входящих и 0 исходящих связей; структурная значимость ниже порогов других ролей.
100000005146665100,peripheral,0.513367,58,0.224219,Периферия: 1 входящих и 0 исходящих связей; структурная значимость ниже порогов других ролей.
100000003096787100,peripheral,0.513367,9,0.257396,Периферия: 1 входящих и 0 исходящих связей; структурная значимость ниже порогов других ролей.
100000003074515100,peripheral,0.247331,8,0.374761,Периферия: 1 входящих и 0 исходящих связей; структурная значимость ниже порогов других ролей.
100000004377043100,peripheral,0.411877,29,0.273233,Периферия: 1 входящих и 0 исходящих связей; структурная значимость ниже порогов других ролей.
100000008680061100,peripheral,0.513367,5,0.306434,Периферия: 1 входящих и 0 исходящих связей; структурная значимость ниже порогов других ролей.
100000008471634100,peripheral,0.137633,26,0.302349,Периферия: 1 входящих и 0 исходящих связей; структурная значимость ниже порогов других ролей.
100000002119762100,peripheral,0.284964,5,0.335749,Периферия: 1 входящих и 0 исходящих связей; структурная значимость ниже порогов других ролей.
100000008628818100,peripheral,0.513367,9,0.30379,Периферия: 1 входящих и 0 исходящих связей; структурная значимость ниже порогов других ролей.
100000007510567100,peripheral,0.513367,9,0.310411,Периферия: 1 входящих и 0 исходящих связей; структурная значимость ниже порогов других ролей.
100000004780327100,peripheral,0.640775,20,0.162711,Периферия: 1 входящих и 0 исходящих связей; структурная значимость ниже порогов других ролей.
100000008376785100,peripheral,0.273754,5,0.362599,Периферия: 1 входящих и 0 исходящих связей; структурная значимость ниже порогов других ролей.
100000005745873100,peripheral,0.513367,41,0.352486,Периферия: 1 входящих и 0 исходящих связей; структурная значимость ниже порогов других ролей.
100000002594214100,peripheral,0.405071,40,0.381728,Периферия: 1 входящих и 0 исходящих связей; структурная значимость ниже порогов других ролей.
100000001299323100,peripheral,0.247331,8,0.376315,Периферия: 1 входящих и 0 исходящих связей; структурная значимость ниже порогов других ролей.
100000003838587100,peripheral,0.230116,15,0.27909,Периферия: 1 входящих и 0 исходящих связей; структурная значимость ниже порогов других ролей.
100000000673915100,peripheral,0.513367,37,0.24998,Периферия: 1 входящих и 0 исходящих связей; структурная значимость ниже порогов других ролей.
100000003061115100,peripheral,0.264546,1,0.32161,Периферия: 1 входящих и 0 исходящих связей; структурная значимость ниже порогов других ролей.
100000004326224100,peripheral,0.262544,5,0.33128,Периферия: 1 входящих и 0 исходящих связей; структурная значимость ниже порогов других ролей.
100000004988240100,peripheral,0.283763,1,0.297965,Периферия: 1 входящих и 0 исходящих связей; структурная значимость ниже порогов других ролей.
100000008525136100,peripheral,0.513367,1,0.242481,Периферия: 1 входящих и 0 исходящих связей; структурная значимость ниже порогов других ролей.
100000001991973100,peripheral,0.640775,20,0.185809,Периферия: 1 входящих и 0 исходящих связей; структурная значимость ниже порогов других ролей.
100000004569637100,peripheral,0.232117,4,0.278357,Периферия: 1 входящих и 0 исходящих связей; структурная значимость ниже порогов других ролей.
100000008675322100,peripheral,0.513367,37,0.362391,Периферия: 1 входящих и 0 исходящих связей; структурная значимость ниже порогов других ролей.
100000004235471100,peripheral,0.4379,5,0.351914,Периферия: 1 входящих и 0 исходящих связей; структурная значимость ниже порогов других ролей.
100000003194831100,peripheral,0.640775,10,0.151728,Периферия: 1 входящих и 0 исходящих связей; структурная значимость ниже порогов других ролей.
100000008588665100,peripheral,0.431895,1,0.300278,Периферия: 1 входящих и 0 исходящих связей; структурная значимость ниже порогов других ролей.
100000003230329100,peripheral,0.247331,8,0.376757,Периферия: 1 входящих и 0 исходящих связей; структурная значимость ниже порогов других ролей.
100000002217806100,peripheral,0.3246,39,0.327588,Периферия: 1 входящих и 0 исходящих связей; структурная значимость ниже порогов других ролей.
100000004041294100,peripheral,0.513367,26,0.274817,Периферия: 1 входящих и 0 исходящих связей; структурная значимость ниже порогов других ролей.
100000008583971100,consolidator,0.761214,1,0.405116,"Признаки консолидации: 2 плательщиков, IN 51k KZT, охват 7 seed; набл. OUT/IN 0.00."
100000008251939100,peripheral,0.513367,9,0.301387,Периферия: 1 входящих и 0 исходящих связей; структурная значимость ниже порогов других ролей.
100000004049912100,peripheral,0.495952,19,0.276364,Периферия: 1 входящих и 0 исходящих связей; структурная значимость ниже порогов других ролей.
100000002227960100,peripheral,0.513367,22,0.260548,Периферия: 1 входящих и 0 исходящих связей; структурная значимость ниже порогов других ролей.
100000008677368100,peripheral,0.263746,7,0.288283,Периферия: 1 входящих и 0 исходящих связей; структурная значимость ниже порогов других ролей.
100000008631800100,peripheral,0.640775,20,0.165123,Периферия: 1 входящих и 0 исходящих связей; структурная значимость ниже порогов других ролей.
100000003220685100,peripheral,0.25774,5,0.388006,Периферия: 1 входящих и 0 исходящих связей; структурная значимость ниже порогов других ролей.
100000003072205100,consolidator,0.862763,8,0.507519,"Признаки консолидации: 2 плательщиков, IN 163k KZT, охват 8 seed; набл. OUT/IN 0.00."
100000001202637100,peripheral,0.182874,9,0.368283,Периферия: 1 входящих и 0 исходящих связей; структурная значимость ниже порогов других ролей.
100000002835874100,peripheral,0.247331,8,0.350481,Периферия: 1 входящих и 0 исходящих связей; структурная значимость ниже порогов других ролей.
100000002707106100,peripheral,0.513367,15,0.237782,Периферия: 1 входящих и 0 исходящих связей; структурная значимость ниже порогов других ролей.
100000008343415100,peripheral,0.338612,4,0.34173,Периферия: 1 входящих и 0 исходящих связей; структурная значимость ниже порогов других ролей.
100000004981068100,peripheral,0.390258,4,0.279535,Периферия: 1 входящих и 0 исходящих связей; структурная значимость ниже порогов других ролей.
100000004241142100,peripheral,0.282562,1,0.308068,Периферия: 1 входящих и 0 исходящих связей; структурная значимость ниже порогов других ролей.
100000008190411100,peripheral,0.349021,52,0.356573,Периферия: 1 входящих и 0 исходящих связей; структурная значимость ниже порогов других ролей.
100000008699083100,peripheral,0.247331,13,0.399816,Периферия: 1 входящих и 0 исходящих связей; структурная значимость ниже порогов других ролей.
100000008136608100,peripheral,0.221708,9,0.357566,Периферия: 1 входящих и 0 исходящих связей; структурная значимость ниже порогов других ролей.
100000008695157100,peripheral,0.303381,4,0.373554,Периферия: 1 входящих и 0 исходящих связей; структурная значимость ниже порогов других ролей.
100000000369781100,peripheral,0.270151,5,0.275547,Периферия: 1 входящих и 0 исходящих связей; структурная значимость ниже порогов других ролей.
100000003133045100,peripheral,0.473532,52,0.327534,Периферия: 1 входящих и 0 исходящих связей; структурная значимость ниже порогов других ролей.
100000002474570100,peripheral,0.640775,20,0.1467,Периферия: 1 входящих и 0 исходящих связей; структурная значимость ниже порогов других ролей.
100000002514975100,peripheral,0.276157,27,0.295232,Периферия: 1 входящих и 0 исходящих связей; структурная значимость ниже порогов других ролей.
100000001089055100,peripheral,0.483941,17,0.281166,Периферия: 1 входящих и 0 исходящих связей; структурная значимость ниже порогов других ролей.
100000000608031100,peripheral,0.255738,17,0.31135,Периферия: 1 входящих и 0 исходящих связей; структурная значимость ниже порогов других ролей.
100000002659103100,peripheral,0.435899,45,0.350171,Периферия: 1 входящих и 0 исходящих связей; структурная значимость ниже порогов других ролей.
100000000733940100,peripheral,0.356628,32,0.380194,Периферия: 1 входящих и 0 исходящих связей; структурная значимость ниже порогов других ролей.
100000001537524100,peripheral,0.247331,13,0.380786,Периферия: 1 входящих и 0 исходящих связей; структурная значимость ниже порогов других ролей.
100000002971593100,peripheral,0.280961,5,0.323917,Периферия: 1 входящих и 0 исходящих связей; структурная значимость ниже порогов других ролей.
100000006918814100,peripheral,0.513367,3,0.281128,Периферия: 1 входящих и 0 исходящих связей; структурная значимость ниже порогов других ролей.
100000007381662100,peripheral,0.513367,1,0.259574,Периферия: 1 входящих и 0 исходящих связей; структурная значимость ниже порогов других ролей.
100000003199390100,peripheral,0.393461,5,0.361431,Периферия: 1 входящих и 0 исходящих связей; структурная значимость ниже порогов других ролей.
100000007749747100,peripheral,0.247331,11,0.388593,Периферия: 1 входящих и 0 исходящих связей; структурная значимость ниже порогов других ролей.
100000003447411100,peripheral,0.513367,4,0.352075,Периферия: 1 входящих и 0 исходящих связей; структурная значимость ниже порогов других ролей.
100000000500040100,peripheral,0.513367,1,0.282289,Периферия: 1 входящих и 0 исходящих связей; структурная значимость ниже порогов других ролей.
100000008551752100,peripheral,0.451512,41,0.368303,Периферия: 1 входящих и 0 исходящих связей; структурная значимость ниже порогов других ролей.
100000002876914100,peripheral,0.640775,20,0.162711,Периферия: 1 входящих и 0 исходящих связей; структурная значимость ниже порогов других ролей.
100000004571634100,peripheral,0.247331,10,0.354988,Периферия: 1 входящих и 0 исходящих связей; структурная значимость ниже порогов других ролей.
100000004610802100,peripheral,0.317794,61,0.362274,Периферия: 1 входящих и 0 исходящих связей; структурная значимость ниже порогов других ролей.
100000001311175100,peripheral,0.274555,13,0.305181,Периферия: 1 входящих и 0 исходящих связей; структурная значимость ниже порогов других ролей.
100000008740295100,peripheral,0.247331,8,0.414747,Периферия: 1 входящих и 0 исходящих связей; структурная значимость ниже порогов других ролей.
100000002596039100,peripheral,0.513367,4,0.349136,Периферия: 1 входящих и 0 исходящих связей; структурная значимость ниже порогов других ролей.
100000002126791100,peripheral,0.182874,8,0.474914,Периферия: 1 входящих и 0 исходящих связей; структурная значимость ниже порогов других ролей.
100000005783452100,consolidator,0.881856,13,0.539426,"Признаки консолидации: 2 плательщиков, IN 286k KZT, охват 8 seed; набл. OUT/IN 0.00."
100000006693788100,peripheral,0.270952,1,0.28516,Периферия: 1 входящих и 0 исходящих связей; структурная значимость ниже порогов других ролей.
100000002832753100,peripheral,0.170062,16,0.290071,Периферия: 1 входящих и 0 исходящих связей; структурная значимость ниже порогов других ролей.
100000002981489100,peripheral,0.513367,5,0.235986,Периферия: 1 входящих и 0 исходящих связей; структурная значимость ниже порогов других ролей.
100000003084870100,peripheral,0.445507,13,0.210738,Периферия: 1 входящих и 0 исходящих связей; структурная значимость ниже порогов других ролей.
100000002791494100,peripheral,0.513367,9,0.330636,Периферия: 1 входящих и 0 исходящих связей; структурная значимость ниже порогов других ролей.
100000003345947100,peripheral,0.304582,4,0.335456,Периферия: 1 входящих и 0 исходящих связей; структурная значимость ниже порогов других ролей.
100000002733083100,peripheral,0.513367,9,0.25435,Периферия: 1 входящих и 0 исходящих связей; структурная значимость ниже порогов других ролей.
100000003247600100,peripheral,0.159253,3,0.333517,Периферия: 1 входящих и 0 исходящих связей; структурная значимость ниже порогов других ролей.
100000001378288100,peripheral,0.290569,4,0.365109,Периферия: 1 входящих и 0 исходящих связей; структурная значимость ниже порогов других ролей.
100000002305477100,peripheral,0.513367,22,0.287334,Периферия: 1 входящих и 0 исходящих связей; структурная значимость ниже порогов других ролей.
100000006638021100,consolidator,0.903442,48,0.572975,"Признаки консолидации: 2 плательщиков, IN 388k KZT, охват 9 seed; набл. OUT/IN 0.00."
100000008517061100,peripheral,0.354226,15,0.387803,Периферия: 1 входящих и 0 исходящих связей; структурная значимость ниже порогов других ролей.
100000005910895100,peripheral,0.206895,34,0.349357,Периферия: 1 входящих и 0 исходящих связей; структурная значимость ниже порогов других ролей.
100000002723439100,peripheral,0.232518,34,0.367888,Периферия: 1 входящих и 0 исходящих связей; структурная значимость ниже порогов других ролей.
100000002320495100,peripheral,0.260943,17,0.288421,Периферия: 1 входящих и 0 исходящих связей; структурная значимость ниже порогов других ролей.
100000002229615100,peripheral,0.175667,22,0.307964,Периферия: 1 входящих и 0 исходящих связей; структурная значимость ниже порогов других ролей.
100000008327791100,peripheral,0.258941,17,0.285843,Периферия: 1 входящих и 0 исходящих связей; структурная значимость ниже порогов других ролей.
100000002208836100,peripheral,0.48274,5,0.333961,Периферия: 1 входящих и 0 исходящих связей; структурная значимость ниже порогов других ролей.
100000001724740100,peripheral,0.182874,8,0.440468,Периферия: 1 входящих и 0 исходящих связей; структурная значимость ниже порогов других ролей.
100000004386286100,peripheral,0.182874,12,0.375376,Периферия: 1 входящих и 0 исходящих связей; структурная значимость ниже порогов других ролей.
100000001714883100,peripheral,0.640775,20,0.147315,Периферия: 1 входящих и 0 исходящих связей; структурная значимость ниже порогов других ролей.
100000008337304100,peripheral,0.429493,4,0.340538,Периферия: 1 входящих и 0 исходящих связей; структурная значимость ниже порогов других ролей.
100000000655469100,peripheral,0.445107,22,0.293125,Периферия: 1 входящих и 0 исходящих связей; структурная значимость ниже порогов других ролей.
100000008722541100,peripheral,0.387055,5,0.362834,Периферия: 1 входящих и 0 исходящих связей; структурная значимость ниже порогов других ролей.
100000004222274100,peripheral,0.245329,1,0.292173,Периферия: 1 входящих и 0 исходящих связей; структурная значимость ниже порогов других ролей.
100000006232642100,peripheral,0.345418,42,0.373854,Периферия: 1 входящих и 0 исходящих связей; структурная значимость ниже порогов других ролей.
100000004066370100,peripheral,0.210498,38,0.237196,Периферия: 1 входящих и 0 исходящих связей; структурная значимость ниже порогов других ролей.
100000005685783100,peripheral,0.271352,2,0.209637,Периферия: 1 входящих и 0 исходящих связей; структурная значимость ниже порогов других ролей.
100000006171671100,peripheral,0.286566,1,0.282645,Периферия: 1 входящих и 0 исходящих связей; структурная значимость ниже порогов других ролей.
100000003481025100,peripheral,0.276557,1,0.280685,Периферия: 1 входящих и 0 исходящих связей; структурная значимость ниже порогов других ролей.
100000003646145100,peripheral,0.189279,33,0.348916,Периферия: 1 входящих и 0 исходящих связей; структурная значимость ниже порогов других ролей.
100000002659265100,peripheral,0.247331,8,0.395827,Периферия: 1 входящих и 0 исходящих связей; структурная значимость ниже порогов других ролей.
100000003289281100,peripheral,0.207696,1,0.320328,Периферия: 1 входящих и 0 исходящих связей; структурная значимость ниже порогов других ролей.
100000004840086100,peripheral,0.253737,1,0.344276,Периферия: 1 входящих и 0 исходящих связей; структурная значимость ниже порогов других ролей.
100000008554390100,peripheral,0.640775,20,0.167669,Периферия: 1 входящих и 0 исходящих связей; структурная значимость ниже порогов других ролей.
100000004691350100,peripheral,0.152447,50,0.291487,Периферия: 1 входящих и 0 исходящих связей; структурная значимость ниже порогов других ролей.
100000004652395100,consolidator,0.821241,1,0.468893,"Признаки консолидации: 3 плательщиков, IN 102k KZT, охват 7 seed; набл. OUT/IN 0.00."
100000004979264100,peripheral,0.247331,11,0.378815,Периферия: 1 входящих и 0 исходящих связей; структурная значимость ниже порогов других ролей.
100000008074304100,peripheral,0.474333,5,0.271091,Периферия: 1 входящих и 0 исходящих связей; структурная значимость ниже порогов других ролей.
100000002227989100,peripheral,0.371041,22,0.295347,Периферия: 1 входящих и 0 исходящих связей; структурная значимость ниже порогов других ролей.
100000003207060100,peripheral,0.346219,1,0.32562,Периферия: 1 входящих и 0 исходящих связей; структурная значимость ниже порогов других ролей.
100000004601193100,peripheral,0.204493,10,0.411044,Периферия: 1 входящих и 0 исходящих связей; структурная значимость ниже порогов других ролей.
100000004991593100,peripheral,0.429093,4,0.316674,Периферия: 1 входящих и 0 исходящих связей; структурная значимость ниже порогов других ролей.
100000003128638100,peripheral,0.247331,8,0.422034,Периферия: 1 входящих и 0 исходящих связей; структурная значимость ниже порогов других ролей.
100000005878334100,peripheral,0.366237,4,0.333122,Периферия: 1 входящих и 0 исходящих связей; структурная значимость ниже порогов других ролей.
100000002878483100,peripheral,0.640775,20,0.144231,Периферия: 1 входящих и 0 исходящих связей; структурная значимость ниже порогов других ролей.
100000000981693100,peripheral,0.286165,1,0.292913,Периферия: 1 входящих и 0 исходящих связей; структурная значимость ниже порогов других ролей.
100000006416061100,peripheral,0.337411,4,0.308899,Периферия: 1 входящих и 0 исходящих связей; структурная значимость ниже порогов других ролей.
100000008168850100,peripheral,0.268149,5,0.357814,Периферия: 1 входящих и 0 исходящих связей; структурная значимость ниже порогов других ролей.
100000004747154100,peripheral,0.474733,52,0.327283,Периферия: 1 входящих и 0 исходящих связей; структурная значимость ниже порогов других ролей.
100000008524903100,peripheral,0.476335,1,0.284193,Периферия: 1 входящих и 0 исходящих связей; структурная значимость ниже порогов других ролей.
100000005049404100,peripheral,0.513367,5,0.331389,Периферия: 1 входящих и 0 исходящих связей; структурная значимость ниже порогов других ролей.
100000002258492100,peripheral,0.247331,21,0.352164,Периферия: 1 входящих и 0 исходящих связей; структурная значимость ниже порогов других ролей.
100000005497148100,peripheral,0.307384,5,0.302532,Периферия: 1 входящих и 0 исходящих связей; структурная значимость ниже порогов других ролей.
100000004596284100,peripheral,0.209698,6,0.312731,Периферия: 1 входящих и 0 исходящих связей; структурная значимость ниже порогов других ролей.
100000007960337100,peripheral,0.513367,4,0.297142,Периферия: 1 входящих и 0 исходящих связей; структурная значимость ниже порогов других ролей.
100000003180305100,peripheral,0.288968,1,0.350568,Периферия: 1 входящих и 0 исходящих связей; структурная значимость ниже порогов других ролей.
100000007653094100,peripheral,0.216504,14,0.294303,Периферия: 1 входящих и 0 исходящих связей; структурная значимость ниже порогов других ролей.
100000008175078100,peripheral,0.320596,37,0.388865,Периферия: 1 входящих и 0 исходящих связей; структурная значимость ниже порогов других ролей.
100000004263867100,peripheral,0.640775,20,0.152944,Периферия: 1 входящих и 0 исходящих связей; структурная значимость ниже порогов других ролей.
100000002194320100,peripheral,0.309386,59,0.364787,Периферия: 1 входящих и 0 исходящих связей; структурная значимость ниже порогов других ролей.
100000001222245100,peripheral,0.237722,5,0.375282,Периферия: 1 входящих и 0 исходящих связей; структурная значимость ниже порогов других ролей.
100000008151098100,peripheral,0.513367,27,0.297035,Периферия: 1 входящих и 0 исходящих связей; структурная значимость ниже порогов других ролей.
100000008735802100,peripheral,0.296174,1,0.337889,Периферия: 1 входящих и 0 исходящих связей; структурная значимость ниже порогов других ролей.
100000004047887100,peripheral,0.513367,40,0.262084,Периферия: 1 входящих и 0 исходящих связей; структурная значимость ниже порогов других ролей.
100000003146511100,peripheral,0.513367,14,0.270977,Периферия: 1 входящих и 0 исходящих связей; структурная значимость ниже порогов других ролей.
100000007511780100,peripheral,0.226512,1,0.355026,Периферия: 1 входящих и 0 исходящих связей; структурная значимость ниже порогов других ролей.
100000007867364100,peripheral,0.329804,19,0.317849,Периферия: 1 входящих и 0 исходящих связей; структурная значимость ниже порогов других ролей.
100000006288612100,peripheral,0.513367,12,0.287209,Периферия: 1 входящих и 0 исходящих связей; структурная значимость ниже порогов других ролей.
100000006735545100,peripheral,0.513367,4,0.243288,Периферия: 1 входящих и 0 исходящих связей; структурная значимость ниже порогов других ролей.
100000004403641100,peripheral,0.247331,13,0.387626,Периферия: 1 входящих и 0 исходящих связей; структурная значимость ниже порогов других ролей.
100000003370425100,peripheral,0.192082,14,0.300716,Периферия: 1 входящих и 0 исходящих связей; структурная значимость ниже порогов других ролей.
100000004350094100,peripheral,0.149644,19,0.301989,Периферия: 1 входящих и 0 исходящих связей; структурная значимость ниже порогов других ролей.
100000004911971100,peripheral,0.513367,37,0.271048,Периферия: 1 входящих и 0 исходящих связей; структурная значимость ниже порогов других ролей.
100000001202787100,consolidator,0.698467,1,0.389201,"Признаки консолидации: 2 плательщиков, IN 15k KZT, охват 7 seed; набл. OUT/IN 0.00."
100000008469048100,peripheral,0.214902,1,0.367056,Периферия: 1 входящих и 0 исходящих связей; структурная значимость ниже порогов других ролей.
100000002635746100,peripheral,0.640775,20,0.14168,Периферия: 1 входящих и 0 исходящих связей; структурная значимость ниже порогов других ролей.
100000008321975100,peripheral,0.513367,22,0.259601,Периферия: 1 входящих и 0 исходящих связей; структурная значимость ниже порогов других ролей.
100000003078839100,peripheral,0.513367,4,0.278817,Периферия: 1 входящих и 0 исходящих связей; структурная значимость ниже порогов других ролей.
100000004006327100,peripheral,0.230516,11,0.439954,Периферия: 1 входящих и 0 исходящих связей; структурная значимость ниже порогов других ролей.
100000007865484100,peripheral,0.407073,41,0.37615,Периферия: 1 входящих и 0 исходящих связей; структурная значимость ниже порогов других ролей.
100000005367180100,peripheral,0.16726,4,0.282752,Периферия: 1 входящих и 0 исходящих связей; структурная значимость ниже порогов других ролей.
100000001669260100,peripheral,0.22411,4,0.282387,Периферия: 1 входящих и 0 исходящих связей; структурная значимость ниже порогов других ролей.
100000001297206100,peripheral,0.513367,1,0.254726,Периферия: 1 входящих и 0 исходящих связей; структурная значимость ниже порогов других ролей.
100000002645046100,peripheral,0.640775,20,0.162711,Периферия: 1 входящих и 0 исходящих связей; структурная значимость ниже порогов других ролей.
100000006308406100,peripheral,0.252936,22,0.357732,Периферия: 1 входящих и 0 исходящих связей; структурная значимость ниже порогов других ролей.
100000002728246100,peripheral,0.255338,5,0.283582,Периферия: 1 входящих и 0 исходящих связей; структурная значимость ниже порогов других ролей.
100000001590795100,peripheral,0.640775,20,0.140622,Периферия: 1 входящих и 0 исходящих связей; структурная значимость ниже порогов других ролей.
100000006257675100,peripheral,0.388256,22,0.330604,Периферия: 1 входящих и 0 исходящих связей; структурная значимость ниже порогов других ролей.
100000002130400100,peripheral,0.526779,38,0.178233,Периферия: 1 входящих и 0 исходящих связей; структурная значимость ниже порогов других ролей.
100000000557536100,peripheral,0.513367,37,0.332611,Периферия: 1 входящих и 0 исходящих связей; структурная значимость ниже порогов других ролей.
100000002689717100,peripheral,0.513367,9,0.305669,Периферия: 1 входящих и 0 исходящих связей; структурная значимость ниже порогов других ролей.
100000005189258100,peripheral,0.513367,5,0.316175,Периферия: 1 входящих и 0 исходящих связей; структурная значимость ниже порогов других ролей.
100000002748511100,peripheral,0.220507,6,0.299863,Периферия: 1 входящих и 0 исходящих связей; структурная значимость ниже порогов других ролей.
100000002371892100,peripheral,0.513367,63,0.304561,Периферия: 1 входящих и 0 исходящих связей; структурная значимость ниже порогов других ролей.
100000008130868100,peripheral,0.329004,13,0.202739,Периферия: 1 входящих и 0 исходящих связей; структурная значимость ниже порогов других ролей.
100000007153161100,peripheral,0.276957,1,0.320834,Периферия: 1 входящих и 0 исходящих связей; структурная значимость ниже порогов других ролей.
100000002994441100,peripheral,0.231717,4,0.2767,Периферия: 1 входящих и 0 исходящих связей; структурная значимость ниже порогов других ролей.
100000001065481100,peripheral,0.340214,14,0.290592,Периферия: 1 входящих и 0 исходящих связей; структурная значимость ниже порогов других ролей.
100000007731977100,peripheral,0.465925,1,0.31958,Периферия: 1 входящих и 0 исходящих связей; структурная значимость ниже порогов других ролей.
100000003252446100,peripheral,0.247331,11,0.376354,Периферия: 1 входящих и 0 исходящих связей; структурная значимость ниже порогов других ролей.
100000002671326100,peripheral,0.196085,11,0.388617,Периферия: 1 входящих и 0 исходящих связей; структурная значимость ниже порогов других ролей.
100000005087923100,peripheral,0.326201,28,0.199486,Периферия: 1 входящих и 0 исходящих связей; структурная значимость ниже порогов других ролей.
100000008770483100,peripheral,0.182874,48,0.295995,Периферия: 1 входящих и 0 исходящих связей; структурная значимость ниже порогов других ролей.
100000002748040100,peripheral,0.513367,9,0.261516,Периферия: 1 входящих и 0 исходящих связей; структурная значимость ниже порогов других ролей.
100000004800648100,peripheral,0.465125,12,0.343614,Периферия: 1 входящих и 0 исходящих связей; структурная значимость ниже порогов других ролей.
100000005025629100,peripheral,0.513367,5,0.266318,Периферия: 1 входящих и 0 исходящих связей; структурная значимость ниже порогов других ролей.
100000000581682100,peripheral,0.513367,29,0.237283,Периферия: 1 входящих и 0 исходящих связей; структурная значимость ниже порогов других ролей.
100000004976946100,peripheral,0.513367,41,0.356764,Периферия: 1 входящих и 0 исходящих связей; структурная значимость ниже порогов других ролей.
100000000957746100,peripheral,0.440302,17,0.271735,Периферия: 1 входящих и 0 исходящих связей; структурная значимость ниже порогов других ролей.
100000003001138100,peripheral,0.513367,29,0.302159,Периферия: 1 входящих и 0 исходящих связей; структурная значимость ниже порогов других ролей.
100000001325618100,peripheral,0.640775,20,0.153994,Периферия: 1 входящих и 0 исходящих связей; структурная значимость ниже порогов других ролей.
100000003792647100,peripheral,0.364235,5,0.277166,Периферия: 1 входящих и 0 исходящих связей; структурная значимость ниже порогов других ролей.
100000004107228100,peripheral,0.513367,3,0.229916,Периферия: 1 входящих и 0 исходящих связей; структурная значимость ниже порогов других ролей.
100000003500764100,peripheral,0.281762,17,0.300125,Периферия: 1 входящих и 0 исходящих связей; структурная значимость ниже порогов других ролей.
100000004261340100,peripheral,0.439902,1,0.318772,Периферия: 1 входящих и 0 исходящих связей; структурная значимость ниже порогов других ролей.
100000008172721100,peripheral,0.36944,4,0.352784,Периферия: 1 входящих и 0 исходящих связей; структурная значимость ниже порогов других ролей.
100000005079473100,peripheral,0.493149,4,0.311118,Периферия: 1 входящих и 0 исходящих связей; структурная значимость ниже порогов других ролей.
100000004850609100,peripheral,0.513367,1,0.271818,Периферия: 1 входящих и 0 исходящих связей; структурная значимость ниже порогов других ролей.
100000005042822100,peripheral,0.328203,32,0.384034,Периферия: 1 входящих и 0 исходящих связей; структурная значимость ниже порогов других ролей.
100000002794374100,peripheral,0.182874,48,0.414379,Периферия: 1 входящих и 0 исходящих связей; структурная значимость ниже порогов других ролей.
100000002860934100,peripheral,0.213701,29,0.367873,Периферия: 1 входящих и 0 исходящих связей; структурная значимость ниже порогов других ролей.
100000003097947100,peripheral,0.512367,4,0.320501,Периферия: 1 входящих и 0 исходящих связей; структурная значимость ниже порогов других ролей.
100000004260869100,peripheral,0.158852,6,0.286477,Периферия: 1 входящих и 0 исходящих связей; структурная значимость ниже порогов других ролей.
100000008762885100,peripheral,0.247331,8,0.280579,Периферия: 1 входящих и 0 исходящих связей; структурная значимость ниже порогов других ролей.
100000002986245100,peripheral,0.640775,20,0.1433,Периферия: 1 входящих и 0 исходящих связей; структурная значимость ниже порогов других ролей.
100000001471706100,peripheral,0.247331,21,0.443497,Периферия: 1 входящих и 0 исходящих связей; структурная значимость ниже порогов других ролей.
100000002304943100,peripheral,0.513367,22,0.274535,Периферия: 1 входящих и 0 исходящих связей; структурная значимость ниже порогов других ролей.
100000002695812100,peripheral,0.50516,9,0.335119,Периферия: 1 входящих и 0 исходящих связей; структурная значимость ниже порогов других ролей.
100000008761220100,peripheral,0.247331,8,0.283662,Периферия: 1 входящих и 0 исходящих связей; структурная значимость ниже порогов других ролей.
100000004890713100,peripheral,0.513367,9,0.29821,Периферия: 1 входящих и 0 исходящих связей; структурная значимость ниже порогов других ролей.
100000003083865100,peripheral,0.513367,9,0.253136,Периферия: 1 входящих и 0 исходящих связей; структурная значимость ниже порогов других ролей.
100000004030553100,peripheral,0.278959,4,0.236677,Периферия: 1 входящих и 0 исходящих связей; структурная значимость ниже порогов других ролей.
100000002653187100,peripheral,0.247331,12,0.35492,Периферия: 1 входящих и 0 исходящих связей; структурная значимость ниже порогов других ролей.
100000006412162100,peripheral,0.640775,20,0.170633,Периферия: 1 входящих и 0 исходящих связей; структурная значимость ниже порогов других ролей.
100000004674178100,peripheral,0.513367,26,0.279767,Периферия: 1 входящих и 0 исходящих связей; структурная значимость ниже порогов других ролей.
100000004070530100,peripheral,0.513367,40,0.247178,Периферия: 1 входящих и 0 исходящих связей; структурная значимость ниже порогов других ролей.
100000006706519100,peripheral,0.379048,1,0.312738,Периферия: 1 входящих и 0 исходящих связей; структурная значимость ниже порогов других ролей.
100000005636951100,peripheral,0.193683,28,0.223542,Периферия: 1 входящих и 0 исходящих связей; структурная значимость ниже порогов других ролей.
100000003040087100,peripheral,0.513367,9,0.283158,Периферия: 1 входящих и 0 исходящих связей; структурная значимость ниже порогов других ролей.
100000008766764100,peripheral,0.247331,8,0.27427,Периферия: 1 входящих и 0 исходящих связей; структурная значимость ниже порогов других ролей.
100000000299820100,peripheral,0.329404,4,0.28136,Периферия: 1 входящих и 0 исходящих связей; структурная значимость ниже порогов других ролей.
100000008349740100,peripheral,0.513367,37,0.300367,Периферия: 1 входящих и 0 исходящих связей; структурная значимость ниже порогов других ролей.
100000008761132100,peripheral,0.247331,8,0.283662,Периферия: 1 входящих и 0 исходящих связей; структурная значимость ниже порогов других ролей.
100000002540033100,peripheral,0.182874,18,0.371366,Периферия: 1 входящих и 0 исходящих связей; структурная значимость ниже порогов других ролей.
100000001845505100,peripheral,0.208897,4,0.300211,Периферия: 1 входящих и 0 исходящих связей; структурная значимость ниже порогов других ролей.
100000003782913100,peripheral,0.513367,15,0.336881,Периферия: 1 входящих и 0 исходящих связей; структурная значимость ниже порогов других ролей.
100000008778753100,peripheral,0.513367,26,0.252881,Периферия: 1 входящих и 0 исходящих связей; структурная значимость ниже порогов других ролей.
100000008710913100,peripheral,0.247331,8,0.292584,Периферия: 1 входящих и 0 исходящих связей; структурная значимость ниже порогов других ролей.
100000005495211100,peripheral,0.224511,1,0.290617,Периферия: 1 входящих и 0 исходящих связей; структурная значимость ниже порогов других ролей.
100000004013952100,peripheral,0.267749,1,0.277288,Периферия: 1 входящих и 0 исходящих связей; структурная значимость ниже порогов других ролей.
100000007330432100,peripheral,0.256139,71,0.380732,Периферия: 1 входящих и 0 исходящих связей; структурная значимость ниже порогов других ролей.
100000000737152100,peripheral,0.447109,1,0.309888,Периферия: 1 входящих и 0 исходящих связей; структурная значимость ниже порогов других ролей.
100000004674389100,peripheral,0.247331,10,0.34347,Периферия: 1 входящих и 0 исходящих связей; структурная значимость ниже порогов других ролей.
100000002529877100,peripheral,0.247331,13,0.398622,Периферия: 1 входящих и 0 исходящих связей; структурная значимость ниже порогов других ролей.
100000004035925100,peripheral,0.3254,65,0.385114,Периферия: 1 входящих и 0 исходящих связей; структурная значимость ниже порогов других ролей.
100000002188586100,peripheral,0.513367,9,0.295528,Периферия: 1 входящих и 0 исходящих связей; структурная значимость ниже порогов других ролей.
100000008050986100,peripheral,0.513367,5,0.329968,Периферия: 1 входящих и 0 исходящих связей; структурная значимость ниже порогов других ролей.
100000004777215100,peripheral,0.323799,22,0.329442,Периферия: 1 входящих и 0 исходящих связей; структурная значимость ниже порогов других ролей.
100000000926078100,peripheral,0.292571,4,0.363757,Периферия: 1 входящих и 0 исходящих связей; структурная значимость ниже порогов других ролей.
100000003486846100,peripheral,0.275756,6,0.307976,Периферия: 1 входящих и 0 исходящих связей; структурная значимость ниже порогов других ролей.
100000002516862100,peripheral,0.4375,61,0.332222,Периферия: 1 входящих и 0 исходящих связей; структурная значимость ниже порогов других ролей.
100000008730238100,peripheral,0.222109,11,0.419318,Периферия: 1 входящих и 0 исходящих связей; структурная значимость ниже порогов других ролей.
100000000803368100,peripheral,0.240525,15,0.351214,Периферия: 1 входящих и 0 исходящих связей; структурная значимость ниже порогов других ролей.
100000002528978100,peripheral,0.513367,9,0.256162,Периферия: 1 входящих и 0 исходящих связей; структурная значимость ниже порогов других ролей.
100000002597074100,peripheral,0.513367,1,0.266907,Периферия: 1 входящих и 0 исходящих связей; структурная значимость ниже порогов других ролей.
100000003631015100,peripheral,0.502758,41,0.358475,Периферия: 1 входящих и 0 исходящих связей; структурная значимость ниже порогов других ролей.
100000008255655100,peripheral,0.275356,17,0.276791,Периферия: 1 входящих и 0 исходящих связей; структурная значимость ниже порогов других ролей.
100000004265639100,peripheral,0.233319,4,0.284243,Периферия: 1 входящих и 0 исходящих связей; структурная значимость ниже порогов других ролей.
100000002726055100,peripheral,0.455516,22,0.277577,Периферия: 1 входящих и 0 исходящих связей; структурная значимость ниже порогов других ролей.
100000003696422100,peripheral,0.17887,32,0.350452,Периферия: 1 входящих и 0 исходящих связей; структурная значимость ниже порогов других ролей.
100000007745062100,peripheral,0.182874,12,0.433053,Периферия: 1 входящих и 0 исходящих связей; структурная значимость ниже порогов других ролей.
100000005041147100,peripheral,0.265747,1,0.28327,Периферия: 1 входящих и 0 исходящих связей; структурная значимость ниже порогов других ролей.
100000003819173100,peripheral,0.513367,4,0.322516,Периферия: 1 входящих и 0 исходящих связей; структурная значимость ниже порогов других ролей.
100000001275557100,peripheral,0.439502,23,0.293293,Периферия: 1 входящих и 0 исходящих связей; структурная значимость ниже порогов других ролей.
100000002706810100,peripheral,0.576423,20,0.215048,Периферия: 1 входящих и 0 исходящих связей; структурная значимость ниже порогов других ролей.
100000002896506100,peripheral,0.513367,5,0.310723,Периферия: 1 входящих и 0 исходящих связей; структурная значимость ниже порогов других ролей.
100000008766031100,peripheral,0.247331,8,0.274991,Периферия: 1 входящих и 0 исходящих связей; структурная значимость ниже порогов других ролей.
100000008758607100,peripheral,0.247331,8,0.27427,Периферия: 1 входящих и 0 исходящих связей; структурная значимость ниже порогов других ролей.
100000008648783100,peripheral,0.640775,20,0.141277,Периферия: 1 входящих и 0 исходящих связей; структурная значимость ниже порогов других ролей.
100000004291663100,peripheral,0.513367,1,0.292449,Периферия: 1 входящих и 0 исходящих связей; структурная значимость ниже порогов других ролей.
100000003037476100,consolidator,0.930052,8,0.587264,"Признаки консолидации: 3 плательщиков, IN 555k KZT, охват 8 seed; набл. OUT/IN 0.00."
100000008715513100,peripheral,0.624466,20,0.205773,Периферия: 1 входящих и 0 исходящих связей; структурная значимость ниже порогов других ролей.
100000001276409100,peripheral,0.506361,9,0.33484,Периферия: 1 входящих и 0 исходящих связей; структурная значимость ниже порогов других ролей.
100000003232675100,peripheral,0.363434,14,0.317594,Периферия: 1 входящих и 0 исходящих связей; структурная значимость ниже порогов других ролей.
100000007988344100,peripheral,0.382251,1,0.29501,Периферия: 1 входящих и 0 исходящих связей; структурная значимость ниже порогов других ролей.
100000003047800100,peripheral,0.396263,13,0.185594,Периферия: 1 входящих и 0 исходящих связей; структурная значимость ниже порогов других ролей.
100000003230328100,consolidator,0.762982,1,0.459396,"Признаки консолидации: 3 плательщиков, IN 27k KZT, охват 7 seed; набл. OUT/IN 0.00."
100000002702968100,peripheral,0.513367,9,0.287817,Периферия: 1 входящих и 0 исходящих связей; структурная значимость ниже порогов других ролей.
100000004788983100,peripheral,0.402269,1,0.304181,Периферия: 1 входящих и 0 исходящих связей; структурная значимость ниже порогов других ролей.
100000006490615100,peripheral,0.370641,14,0.316516,Периферия: 1 входящих и 0 исходящих связей; структурная значимость ниже порогов других ролей.
100000008745676100,peripheral,0.281361,2,0.217197,Периферия: 1 входящих и 0 исходящих связей; структурная значимость ниже порогов других ролей.
100000001598625100,peripheral,0.343617,4,0.302926,Периферия: 1 входящих и 0 исходящих связей; структурная значимость ниже порогов других ролей.
100000008461217100,peripheral,0.136633,51,0.389495,Периферия: 1 входящих и 0 исходящих связей; структурная значимость ниже порогов других ролей.
100000005711521100,peripheral,0.264947,14,0.363402,Периферия: 1 входящих и 0 исходящих связей; структурная значимость ниже порогов других ролей.
100000002713974100,peripheral,0.48194,4,0.319099,Периферия: 1 входящих и 0 исходящих связей; структурная значимость ниже порогов других ролей.
100000005272139100,peripheral,0.170463,6,0.358134,Периферия: 1 входящих и 0 исходящих связей; структурная значимость ниже порогов других ролей.
100000002968096100,peripheral,0.513367,4,0.326711,Периферия: 1 входящих и 0 исходящих связей; структурная значимость ниже порогов других ролей.
100000004449824100,peripheral,0.640775,20,0.152944,Периферия: 1 входящих и 0 исходящих связей; структурная значимость ниже порогов других ролей.
100000004502048100,peripheral,0.456317,19,0.282721,Периферия: 1 входящих и 0 исходящих связей; структурная значимость ниже порогов других ролей.
100000002660298100,peripheral,0.513367,9,0.286703,Периферия: 1 входящих и 0 исходящих связей; структурная значимость ниже порогов других ролей.
100000001299828100,peripheral,0.242126,1,0.344625,Периферия: 1 входящих и 0 исходящих связей; структурная значимость ниже порогов других ролей.
100000000581662100,peripheral,0.624867,13,0.227592,Периферия: 1 входящих и 0 исходящих связей; структурная значимость ниже порогов других ролей.
100000001249054100,peripheral,0.513367,9,0.259664,Периферия: 1 входящих и 0 исходящих связей; структурная значимость ниже порогов других ролей.
100000008759795100,peripheral,0.640775,20,0.176053,Периферия: 1 входящих и 0 исходящих связей; структурная значимость ниже порогов других ролей.
100000001299443100,peripheral,0.640775,20,0.150674,Периферия: 1 входящих и 0 исходящих связей; структурная значимость ниже порогов других ролей.
100000007997939100,peripheral,0.182874,8,0.354348,Периферия: 1 входящих и 0 исходящих связей; структурная значимость ниже порогов других ролей.
100000003470579100,peripheral,0.220107,27,0.372768,Периферия: 1 входящих и 0 исходящих связей; структурная значимость ниже порогов других ролей.
100000008649416100,peripheral,0.266148,17,0.275667,Периферия: 1 входящих и 0 исходящих связей; структурная значимость ниже порогов других ролей.
100000008183752100,peripheral,0.247331,18,0.418631,Периферия: 1 входящих и 0 исходящих связей; структурная значимость ниже порогов других ролей.
100000003950749100,peripheral,0.386254,6,0.275671,Периферия: 1 входящих и 0 исходящих связей; структурная значимость ниже порогов других ролей.
100000005979037100,peripheral,0.495151,4,0.324732,Периферия: 1 входящих и 0 исходящих связей; структурная значимость ниже порогов других ролей.
100000008734279100,peripheral,0.513367,4,0.293035,Периферия: 1 входящих и 0 исходящих связей; структурная значимость ниже порогов других ролей.
100000005589319100,peripheral,0.513367,3,0.293047,Периферия: 1 входящих и 0 исходящих связей; структурная значимость ниже порогов других ролей.
100000003626268100,peripheral,0.277358,4,0.275331,Периферия: 1 входящих и 0 исходящих связей; структурная значимость ниже порогов других ролей.
100000001220124100,peripheral,0.252536,4,0.318983,Периферия: 1 входящих и 0 исходящих связей; структурная значимость ниже порогов других ролей.
100000003904497100,peripheral,0.182874,8,0.346944,Периферия: 1 входящих и 0 исходящих связей; структурная значимость ниже порогов других ролей.
100000001270470100,peripheral,0.342616,1,0.306724,Периферия: 1 входящих и 0 исходящих связей; структурная значимость ниже порогов других ролей.
100000003091142100,peripheral,0.357028,1,0.315848,Периферия: 1 входящих и 0 исходящих связей; структурная значимость ниже порогов других ролей.
100000001053894100,peripheral,0.330205,40,0.389277,Периферия: 1 входящих и 0 исходящих связей; структурная значимость ниже порогов других ролей.
100000004722630100,peripheral,0.305783,50,0.368879,Периферия: 1 входящих и 0 исходящих связей; структурная значимость ниже порогов других ролей.
100000004655046100,peripheral,0.182874,9,0.389955,Периферия: 1 входящих и 0 исходящих связей; структурная значимость ниже порогов других ролей.
100000004019056100,peripheral,0.249333,14,0.326077,Периферия: 1 входящих и 0 исходящих связей; структурная значимость ниже порогов других ролей.
100000008071749100,peripheral,0.513367,9,0.275547,Периферия: 1 входящих и 0 исходящих связей; структурная значимость ниже порогов других ролей.
100000008221765100,peripheral,0.249733,5,0.354598,Периферия: 1 входящих и 0 исходящих связей; структурная значимость ниже порогов других ролей.
100000008778010100,peripheral,0.284564,2,0.238474,Периферия: 1 входящих и 0 исходящих связей; структурная значимость ниже порогов других ролей.
100000004584730100,peripheral,0.513367,45,0.305342,Периферия: 1 входящих и 0 исходящих связей; структурная значимость ниже порогов других ролей.
100000004797167100,peripheral,0.235721,4,0.21609,Периферия: 1 входящих и 0 исходящих связей; структурная значимость ниже порогов других ролей.
100000005010159100,peripheral,0.200489,4,0.281513,Периферия: 1 входящих и 0 исходящих связей; структурная значимость ниже порогов других ролей.
100000003025903100,peripheral,0.289368,5,0.372144,Периферия: 1 входящих и 0 исходящих связей; структурная значимость ниже порогов других ролей.
100000003005167100,peripheral,0.640775,20,0.147838,Периферия: 1 входящих и 0 исходящих связей; структурная значимость ниже порогов других ролей.
100000002214383100,peripheral,0.277758,2,0.263281,Периферия: 1 входящих и 0 исходящих связей; структурная значимость ниже порогов других ролей.
100000004800452100,peripheral,0.202891,5,0.280633,Периферия: 1 входящих и 0 исходящих связей; структурная значимость ниже порогов других ролей.
100000006903193100,peripheral,0.513367,1,0.261229,Периферия: 1 входящих и 0 исходящих связей; структурная значимость ниже порогов других ролей.
100000007811950100,peripheral,0.243728,26,0.326246,Периферия: 1 входящих и 0 исходящих связей; структурная значимость ниже порогов других ролей.
100000000375150100,peripheral,0.136633,14,0.468867,Периферия: 1 входящих и 0 исходящих связей; структурная значимость ниже порогов других ролей.
100000008775747100,peripheral,0.247331,8,0.27427,Периферия: 1 входящих и 0 исходящих связей; структурная значимость ниже порогов других ролей.
100000006689603100,peripheral,0.513367,4,0.361768,Периферия: 1 входящих и 0 исходящих связей; структурная значимость ниже порогов других ролей.
100000005075949100,peripheral,0.168861,47,0.394548,Периферия: 1 входящих и 0 исходящих связей; структурная значимость ниже порогов других ролей.
100000003985389100,peripheral,0.306984,4,0.373285,Периферия: 1 входящих и 0 исходящих связей; структурная значимость ниже порогов других ролей.
100000002478829100,peripheral,0.382651,22,0.311068,Периферия: 1 входящих и 0 исходящих связей; структурная значимость ниже порогов других ролей.
100000003125997100,peripheral,0.240125,11,0.411348,Периферия: 1 входящих и 0 исходящих связей; структурная значимость ниже порогов других ролей.
100000003214786100,peripheral,0.352424,1,0.273079,Периферия: 1 входящих и 0 исходящих связей; структурная значимость ниже порогов других ролей.
100000008308418100,peripheral,0.341014,1,0.323327,Периферия: 1 входящих и 0 исходящих связей; структурная значимость ниже порогов других ролей.
100000008619159100,peripheral,0.42589,65,0.370633,Периферия: 1 входящих и 0 исходящих связей; структурная значимость ниже порогов других ролей.
100000004418967100,peripheral,0.247331,11,0.407364,Периферия: 1 входящих и 0 исходящих связей; структурная значимость ниже порогов других ролей.
100000003173783100,peripheral,0.441504,31,0.297405,Периферия: 1 входящих и 0 исходящих связей; структурная значимость ниже порогов других ролей.
100000002242455100,peripheral,0.270552,5,0.346114,Периферия: 1 входящих и 0 исходящих связей; структурная значимость ниже порогов других ролей.
100000004848236100,peripheral,0.513367,1,0.265275,Периферия: 1 входящих и 0 исходящих связей; структурная значимость ниже порогов других ролей.
100000004674412100,peripheral,0.247331,10,0.387577,Периферия: 1 входящих и 0 исходящих связей; структурная значимость ниже порогов других ролей.
100000007071852100,peripheral,0.332607,4,0.356796,Периферия: 1 входящих и 0 исходящих связей; структурная значимость ниже порогов других ролей.
100000001498732100,peripheral,0.513367,52,0.234548,Периферия: 1 входящих и 0 исходящих связей; структурная значимость ниже порогов других ролей.
100000000627521100,peripheral,0.513367,40,0.22439,Периферия: 1 входящих и 0 исходящих связей; структурная значимость ниже порогов других ролей.
100000003105089100,peripheral,0.513367,22,0.260548,Периферия: 1 входящих и 0 исходящих связей; структурная значимость ниже порогов других ролей.
100000003166017100,peripheral,0.513367,9,0.253136,Периферия: 1 входящих и 0 исходящих связей; структурная значимость ниже порогов других ролей.
100000002506987100,peripheral,0.513367,9,0.281844,Периферия: 1 входящих и 0 исходящих связей; структурная значимость ниже порогов других ролей.
100000005767403100,peripheral,0.139235,35,0.390645,Периферия: 1 входящих и 0 исходящих связей; структурная значимость ниже порогов других ролей.
100000005553088100,peripheral,0.513367,4,0.264603,Периферия: 1 входящих и 0 исходящих связей; структурная значимость ниже порогов других ролей.
100000003632533100,peripheral,0.343016,5,0.280952,Периферия: 1 входящих и 0 исходящих связей; структурная значимость ниже порогов других ролей.
100000008762005100,peripheral,0.247331,8,0.275631,Периферия: 1 входящих и 0 исходящих связей; структурная значимость ниже порогов других ролей.
100000002214207100,peripheral,0.181673,38,0.248155,Периферия: 1 входящих и 0 исходящих связей; структурная значимость ниже порогов других ролей.
100000003180820100,peripheral,0.247331,8,0.373328,Периферия: 1 входящих и 0 исходящих связей; структурная значимость ниже порогов других ролей.
100000003786516100,peripheral,0.513367,1,0.243008,Периферия: 1 входящих и 0 исходящих связей; структурная значимость ниже порогов других ролей.
100000005226217100,peripheral,0.182874,8,0.365031,Периферия: 1 входящих и 0 исходящих связей; структурная значимость ниже порогов других ролей.
100000001533161100,peripheral,0.496753,45,0.336986,Периферия: 1 входящих и 0 исходящих связей; структурная значимость ниже порогов других ролей.
100000007034089100,consolidator,0.869454,8,0.513561,"Признаки консолидации: 2 плательщиков, IN 198k KZT, охват 8 seed; набл. OUT/IN 0.00."
100000008336318100,peripheral,0.247331,8,0.403358,Периферия: 1 входящих и 0 исходящих связей; структурная значимость ниже порогов других ролей.
100000005370558100,peripheral,0.513367,1,0.252537,Периферия: 1 входящих и 0 исходящих связей; структурная значимость ниже порогов других ролей.
100000002729875100,peripheral,0.513367,9,0.325378,Периферия: 1 входящих и 0 исходящих связей; структурная значимость ниже порогов других ролей.
100000006512787100,peripheral,0.282963,1,0.297989,Периферия: 1 входящих и 0 исходящих связей; структурная значимость ниже порогов других ролей.
100000003186579100,peripheral,0.293372,4,0.345429,Периферия: 1 входящих и 0 исходящих связей; структурная значимость ниже порогов других ролей.
100000004472936100,peripheral,0.272954,14,0.275463,Периферия: 1 входящих и 0 исходящих связей; структурная значимость ниже порогов других ролей.
100000002231144100,peripheral,0.404671,22,0.286343,Периферия: 1 входящих и 0 исходящих связей; структурная значимость ниже порогов других ролей.
100000002505277100,peripheral,0.35843,1,0.328403,Периферия: 1 входящих и 0 исходящих связей; структурная значимость ниже порогов других ролей.
100000003177533100,peripheral,0.461121,4,0.292644,Периферия: 1 входящих и 0 исходящих связей; структурная значимость ниже порогов других ролей.
100000005888829100,peripheral,0.247331,8,0.398603,Периферия: 1 входящих и 0 исходящих связей; структурная значимость ниже порогов других ролей.
100000002242066100,peripheral,0.265347,36,0.331196,Периферия: 1 входящих и 0 исходящих связей; структурная значимость ниже порогов других ролей.
100000008027922100,peripheral,0.300178,23,0.333247,Периферия: 1 входящих и 0 исходящих связей; структурная значимость ниже порогов других ролей.
100000002686226100,peripheral,0.188479,17,0.377109,Периферия: 1 входящих и 0 исходящих связей; структурная значимость ниже порогов других ролей.
100000001065234100,peripheral,0.239324,59,0.372327,Периферия: 1 входящих и 0 исходящих связей; структурная значимость ниже порогов других ролей.
100000000424935100,peripheral,0.513367,29,0.270531,Периферия: 1 входящих и 0 исходящих связей; структурная значимость ниже порогов других ролей.
100000005723580100,peripheral,0.247331,11,0.366767,Периферия: 1 входящих и 0 исходящих связей; структурная значимость ниже порогов других ролей.
100000000704700100,peripheral,0.267349,25,0.186016,Периферия: 1 входящих и 0 исходящих связей; структурная значимость ниже порогов других ролей.
100000005293969100,peripheral,0.28056,1,0.276688,Периферия: 1 входящих и 0 исходящих связей; структурная значимость ниже порогов других ролей.
100000002512742100,peripheral,0.640775,20,0.144231,Периферия: 1 входящих и 0 исходящих связей; структурная значимость ниже порогов других ролей.
100000001816678100,peripheral,0.513367,3,0.31749,Периферия: 1 входящих и 0 исходящих связей; структурная значимость ниже порогов других ролей.
100000004586598100,peripheral,0.253336,68,0.383454,Периферия: 1 входящих и 0 исходящих связей; структурная значимость ниже порогов других ролей.
100000005782886100,peripheral,0.182874,8,0.356466,Периферия: 1 входящих и 0 исходящих связей; структурная значимость ниже порогов других ролей.
100000002622822100,peripheral,0.148443,18,0.474517,Периферия: 1 входящих и 0 исходящих связей; структурная значимость ниже порогов других ролей.
100000003718715100,peripheral,0.216103,14,0.386724,Периферия: 1 входящих и 0 исходящих связей; структурная значимость ниже порогов других ролей.
100000006491963100,peripheral,0.640775,20,0.174069,Периферия: 1 входящих и 0 исходящих связей; структурная значимость ниже порогов других ролей.
100000004526651100,peripheral,0.247331,8,0.325198,Периферия: 1 входящих и 0 исходящих связей; структурная значимость ниже порогов других ролей.
100000008331280100,peripheral,0.513367,27,0.310904,Периферия: 1 входящих и 0 исходящих связей; структурная значимость ниже порогов других ролей.
100000004177936100,peripheral,0.464724,4,0.277301,Периферия: 1 входящих и 0 исходящих связей; структурная значимость ниже порогов других ролей.
100000002922000100,peripheral,0.326601,45,0.373719,Периферия: 1 входящих и 0 исходящих связей; структурная значимость ниже порогов других ролей.
100000002404112100,peripheral,0.481539,27,0.32471,Периферия: 1 входящих и 0 исходящих связей; структурная значимость ниже порогов других ролей.
100000000634341100,peripheral,0.230916,1,0.304826,Периферия: 1 входящих и 0 исходящих связей; структурная значимость ниже порогов других ролей.
100000001822650100,peripheral,0.247331,8,0.382753,Периферия: 1 входящих и 0 исходящих связей; структурная значимость ниже порогов других ролей.
100000004791226100,peripheral,0.248532,1,0.299022,Периферия: 1 входящих и 0 исходящих связей; структурная значимость ниже порогов других ролей.
100000007841978100,peripheral,0.297375,5,0.374703,Периферия: 1 входящих и 0 исходящих связей; структурная значимость ниже порогов других ролей.
100000006866831100,peripheral,0.40427,4,0.28937,Периферия: 1 входящих и 0 исходящих связей; структурная значимость ниже порогов других ролей.
100000002999140100,peripheral,0.513367,12,0.24071,Периферия: 1 входящих и 0 исходящих связей; структурная значимость ниже порогов других ролей.
100000002884708100,peripheral,0.222909,11,0.459509,Периферия: 1 входящих и 0 исходящих связей; структурная значимость ниже порогов других ролей.
100000001130553100,peripheral,0.246931,5,0.296513,Периферия: 1 входящих и 0 исходящих связей; структурная значимость ниже порогов других ролей.
100000006351075100,peripheral,0.513367,41,0.280951,Периферия: 1 входящих и 0 исходящих связей; структурная значимость ниже порогов других ролей.
100000005616568100,peripheral,0.340614,5,0.377067,Периферия: 1 входящих и 0 исходящих связей; структурная значимость ниже порогов других ролей.
100000006381453100,peripheral,0.215703,8,0.394019,Периферия: 1 входящих и 0 исходящих связей; структурная значимость ниже порогов других ролей.
100000004616845100,peripheral,0.513367,58,0.254744,Периферия: 1 входящих и 0 исходящих связей; структурная значимость ниже порогов других ролей.
100000004908173100,peripheral,0.247331,11,0.346038,Периферия: 1 входящих и 0 исходящих связей; структурная значимость ниже порогов других ролей.
100000004433250100,peripheral,0.513367,1,0.264305,Периферия: 1 входящих и 0 исходящих связей; структурная значимость ниже порогов других ролей.
100000003664994100,peripheral,0.377447,42,0.366595,Периферия: 1 входящих и 0 исходящих связей; структурная значимость ниже порогов других ролей.
100000004673335100,peripheral,0.305383,31,0.335567,Периферия: 1 входящих и 0 исходящих связей; структурная значимость ниже порогов других ролей.
100000002487222100,peripheral,0.513367,5,0.327217,Периферия: 1 входящих и 0 исходящих связей; структурная значимость ниже порогов других ролей.
100000000018102100,peripheral,0.509564,4,0.271972,Периферия: 1 входящих и 0 исходящих связей; структурная значимость ниже порогов других ролей.
100000008638859100,peripheral,0.182874,19,0.398267,Периферия: 1 входящих и 0 исходящих связей; структурная значимость ниже порогов других ролей.
100000001131403100,peripheral,0.25734,58,0.389686,Периферия: 1 входящих и 0 исходящих связей; структурная значимость ниже порогов других ролей.
100000001733216100,peripheral,0.35843,1,0.328403,Периферия: 1 входящих и 0 исходящих связей; структурная значимость ниже порогов других ролей.
100000004400480100,peripheral,0.311388,13,0.237265,Периферия: 1 входящих и 0 исходящих связей; структурная значимость ниже порогов других ролей.
100000007539296100,peripheral,0.227714,5,0.323307,Периферия: 1 входящих и 0 исходящих связей; структурная значимость ниже порогов других ролей.
100000008757301100,peripheral,0.28016,1,0.329998,Периферия: 1 входящих и 0 исходящих связей; структурная значимость ниже порогов других ролей.
100000002752565100,peripheral,0.460721,4,0.324096,Периферия: 1 входящих и 0 исходящих связей; структурная значимость ниже порогов других ролей.
100000002734815100,peripheral,0.247331,8,0.386446,Периферия: 1 входящих и 0 исходящих связей; структурная значимость ниже порогов других ролей.
100000008333492100,peripheral,0.182874,48,0.436589,Периферия: 1 входящих и 0 исходящих связей; структурная значимость ниже порогов других ролей.
100000006527156100,peripheral,0.513367,47,0.296811,Периферия: 1 входящих и 0 исходящих связей; структурная значимость ниже порогов других ролей.
100000003448713100,peripheral,0.513367,4,0.347795,Периферия: 1 входящих и 0 исходящих связей; структурная значимость ниже порогов других ролей.
100000004780083100,peripheral,0.513367,61,0.249531,Периферия: 1 входящих и 0 исходящих связей; структурная значимость ниже порогов других ролей.
100000004798515100,peripheral,0.410676,12,0.355396,Периферия: 1 входящих и 0 исходящих связей; структурная значимость ниже порогов других ролей.
100000004232712100,peripheral,0.285765,5,0.286599,Периферия: 1 входящих и 0 исходящих связей; структурная значимость ниже порогов других ролей.
100000005209352100,peripheral,0.352424,1,0.273079,Периферия: 1 входящих и 0 исходящих связей; структурная значимость ниже порогов других ролей.
100000000561160100,peripheral,0.33661,3,0.361575,Периферия: 1 входящих и 0 исходящих связей; структурная значимость ниже порогов других ролей.
100000003568904100,peripheral,0.274155,14,0.324014,Периферия: 1 входящих и 0 исходящих связей; структурная значимость ниже порогов других ролей.
100000000470237100,peripheral,0.2121,29,0.315351,Периферия: 1 входящих и 0 исходящих связей; структурная значимость ниже порогов других ролей.
100000008560263100,peripheral,0.513367,5,0.332664,Периферия: 1 входящих и 0 исходящих связей; структурная значимость ниже порогов других ролей.
100000000542087100,peripheral,0.513367,37,0.227423,Периферия: 1 входящих и 0 исходящих связей; структурная значимость ниже порогов других ролей.
100000004403548100,peripheral,0.40347,4,0.271547,Периферия: 1 входящих и 0 исходящих связей; структурная значимость ниже порогов других ролей.
100000003010908100,peripheral,0.365036,9,0.29087,Периферия: 1 входящих и 0 исходящих связей; структурная значимость ниже порогов других ролей.
100000006756956100,peripheral,0.513367,1,0.335586,Периферия: 1 входящих и 0 исходящих связей; структурная значимость ниже порогов других ролей.
100000007357489100,consolidator,0.862926,8,0.504276,"Признаки консолидации: 2 плательщиков, IN 164k KZT, охват 8 seed; набл. OUT/IN 0.00."
100000002599729100,peripheral,0.310187,1,0.331412,Периферия: 1 входящих и 0 исходящих связей; структурная значимость ниже порогов других ролей.
100000005849862100,peripheral,0.239724,7,0.288492,Периферия: 1 входящих и 0 исходящих связей; структурная значимость ниже порогов других ролей.
100000008762843100,peripheral,0.247331,8,0.280579,Периферия: 1 входящих и 0 исходящих связей; структурная значимость ниже порогов других ролей.
100000002723674100,peripheral,0.489947,22,0.304323,Периферия: 1 входящих и 0 исходящих связей; структурная значимость ниже порогов других ролей.
100000008758106100,peripheral,0.247331,8,0.283662,Периферия: 1 входящих и 0 исходящих связей; структурная значимость ниже порогов других ролей.
100000001286703100,peripheral,0.513367,40,0.249087,Периферия: 1 входящих и 0 исходящих связей; структурная значимость ниже порогов других ролей.
